show_id,type,title,director,cast,country,date_added,release_year,rating,duration,listed_in,description
s1,Movie,The Dream,Sofia Alvarez,"Wei Novak, Maria Patel, Grace Lee",Germany,"August 15, 2021",2002,TV-Y,74 min,Documentaries,A story about ambition set in Germany.
s2,Movie,Endless Journey,Hugo Fischer,"Grace Patel, Grace Ahmed, Carlos Khan",Spain,"July 24, 2019",2018,TV-MA,167 min,Reality TV,A story about war set in Spain.
s3,Movie,Secret Storm,Alicia Wren,"Carlos Garcia, Aiko Brown",Japan,"September 28, 2019",2019,TV-MA,163 min,"Action & Adventure, Sci-Fi & Fantasy",A story about identity set in Japan.
s4,Movie,Midnight Horizon,Emily Carter,"Grace Garcia, John Patel, Fatima Kowalski",France,"August 11, 2017",2002,TV-14,118 min,"Sci-Fi & Fantasy, Anime",A story about war set in France.
s5,Movie,Golden Legacy,Kenji Watanabe,"Elena Patel, Wei Ahmed",Mexico,"October 31, 2016",2007,TV-Y7,118 min,"Romantic Movies, Anime",A story about war set in Mexico.
s6,TV Show,The Legacy,,"Carlos Muller, Maria Khan, Tom Dubois, Tom Novak",Japan,"August 6, 2020",2006,TV-Y,6 Season,"International Movies, Action & Adventure",A story about family set in Japan.
s7,TV Show,Broken Horizon,,"Wei Ahmed, Nina Garcia, Omar Smith",Egypt,"September 18, 2016",2003,TV-PG,7 Seasons,"Documentaries, Kids TV, Sci-Fi & Fantasy",A story about friendship set in Egypt.
s8,Movie,Rising Journey,Alicia Wren,"Omar Patel, Aiko Garcia, Liam Kim, Wei Rossi",United States,"August 12, 2020",2008,TV-PG,134 min,Horror Movies,A story about ambition set in United States.
s9,Movie,Last Code,Hugo Fischer,"Elena Silva, Nina Smith",India,"June 13, 2018",2011,R,77 min,Documentaries,A story about betrayal set in India.
s10,TV Show,A Code,,"Raj Rossi, Yusuf Chen, Liam Ahmed",Egypt,"March 9, 2020",2019,R,5 Seasons,"Kids TV, Sports Movies, International Movies",A story about identity set in Egypt.
s11,TV Show,Golden Heart,,"Maria Khan, Fatima Garcia, Aiko Smith, Elena Ahmed, Fatima Dubois",Canada,"October 18, 2015",2000,TV-MA,2 Season,Anime,A story about betrayal set in Canada.
s12,Movie,Midnight Heart,Sofia Alvarez,"Grace Lee, Tom Dubois, Elena Rossi",Canada,"July 26, 2019",2015,R,82 min,Reality TV,A story about war set in Canada.
s13,Movie,Silent Journey,Alicia Wren,"Carlos Novak, Aiko Kowalski",Egypt,"October 15, 2017",2003,R,94 min,"Sci-Fi & Fantasy, Documentaries, Kids TV",A story about survival set in Egypt.
s14,Movie,Secret Shadow,Priya Sharma,"John Patel, Yusuf Brown",United States,"August 26, 2017",2002,TV-PG,122 min,"Docuseries, Action & Adventure",A story about identity set in United States.
s15,TV Show,Last City (Season 4),,"Tom Kowalski, Omar Rossi, Liam Kim, Grace Novak",Nigeria,"September 17, 2020",2017,TV-Y7,2 Season,Comedies,A story about love set in Nigeria.
s16,TV Show,The Journey,,"John Ahmed, Maria Brown, Wei Garcia",Australia,"August 21, 2017",2002,TV-Y,1 Seasons,"Romantic Movies, Horror Movies, Sci-Fi & Fantasy",A story about love set in Australia.
s17,Movie,Broken Horizon,Not Given,"Tom Muller, Fatima Patel, Grace Silva, Fatima Muller",South Korea,"May 13, 2018",2004,TV-Y7,110 min,Dramas,A story about friendship set in South Korea.
s18,Movie,Endless Shadow,Alicia Wren,"Yusuf Muller, Wei Lee, Aiko Lee",India,"February 22, 2019",2007,PG-13,90 min,"Horror Movies, Docuseries",A story about love set in India.
s19,Movie,Rising Dream,Alicia Wren,"Liam Garcia, Tom Garcia, Grace Ahmed",United Kingdom,"February 28, 2018",2008,G,96 min,"Anime, Action & Adventure, Docuseries",A story about family set in United Kingdom.
s20,Movie,Midnight Journey,Alicia Wren,"Sara Muller, John Smith, Aiko Kowalski, Wei Patel, Liam Chen",Mexico,"March 9, 2021",2014,TV-Y,141 min,Action & Adventure,A story about betrayal set in Mexico.
s21,TV Show,Last Code (Season 3),,"Carlos Chen, John Muller, Aiko Lee",Italy,"January 5, 2019",2001,R,6 Season,Sports Movies,A story about identity set in Italy.
s22,TV Show,Last Legacy,,"Tom Kim, John Chen, Grace Lee",Japan,"October 13, 2017",2013,PG-13,2 Seasons,Stand-Up Comedy,A story about love set in Japan.
s23,TV Show,Secret Legacy,,"Aiko Muller, Sara Kowalski, Sara Khan, Fatima Smith, Raj Khan",South Korea,"February 15, 2018",2010,TV-14,7 Season,"Stand-Up Comedy, Anime, Reality TV",A story about war set in South Korea.
s24,TV Show,A Dream (Season 3),,"Maria Dubois, Carlos Silva",Mexico,"November 23, 2019",2010,G,5 Season,"Kids TV, International Movies, Dramas",A story about identity set in Mexico.
s25,Movie,Rising Legacy,Emily Carter,"Maria Patel, Tom Silva, Elena Silva, Raj Brown, Maria Novak",Italy,"September 8, 2020",2009,PG-13,155 min,"Anime, Kids TV",A story about family set in Italy.
s26,Movie,Secret City,David Okafor,"Elena Dubois, Liam Kim, Yusuf Brown",United States,"March 21, 2018",2009,R,125 min,"Anime, Romantic Movies, Sci-Fi & Fantasy",A story about friendship set in United States.
s27,Movie,Rising Heart,Marcus Lee,"Liam Ahmed, Raj Patel",Australia,"January 18, 2016",2010,R,156 min,"Romantic Movies, Stand-Up Comedy",A story about ambition set in Australia.
s28,Movie,The Legacy,Priya Sharma,"Nina Kim, Tom Patel",Australia,"April 22, 2019",2006,TV-Y7,121 min,International Movies,A story about love set in Australia.
s29,TV Show,A City,,"John Ahmed, Fatima Lee, Sara Garcia, Nina Chen, Omar Rossi",Brazil,"July 23, 2019",2016,TV-Y7,5 Seasons,"Reality TV, Docuseries, Crime TV Shows",A story about friendship set in Brazil.
s30,TV Show,Silent Heart,,"Sara Patel, Liam Kowalski, Omar Ahmed",Spain,"September 1, 2020",2020,PG-13,4 Season,"Romantic Movies, International Movies",A story about war set in Spain.
s31,Movie,Rising Shadow,Marcus Lee,"Fatima Kim, Grace Chen, Grace Khan",India,"July 28, 2019",2013,PG,139 min,"Reality TV, Dramas",A story about ambition set in India.
s32,TV Show,Broken Horizon,,"Sara Lee, Omar Dubois",South Korea,"January 25, 2015",2015,PG,3 Seasons,"Romantic Movies, Docuseries",A story about ambition set in South Korea.
s33,Movie,Silent Journey,David Okafor,"Raj Patel, Omar Kim, Grace Chen, Sara Rossi",Italy,"December 27, 2020",2004,TV-MA,120 min,"Dramas, Comedies, Anime",A story about identity set in Italy.
s34,Movie,Silent Kingdom,Rajiv Menon,"Carlos Silva, Fatima Rossi, Aiko Silva, Omar Lee",South Korea,"September 23, 2019",2008,PG-13,176 min,Docuseries,A story about love set in South Korea.
s35,TV Show,The Storm,,"Omar Patel, John Kowalski",United States,"March 27, 2017",2007,TV-MA,5 Season,Docuseries,A story about betrayal set in United States.
s36,Movie,Secret Heart,Kenji Watanabe,"Wei Dubois, Elena Novak, Grace Garcia, Omar Brown",United Kingdom,"March 18, 2016",2009,G,73 min,"Stand-Up Comedy, Kids TV",A story about ambition set in United Kingdom.
s37,Movie,Secret Shadow,Kenji Watanabe,"Omar Dubois, Omar Smith",Japan,"May 28, 2019",2017,PG,78 min,"Anime, Dramas, Reality TV",A story about identity set in Japan.
s38,TV Show,A City,,"Grace Chen, Carlos Chen, Grace Ahmed, Raj Muller, Elena Kowalski",Italy,"May 6, 2021",2017,TV-Y7,4 Season,"Crime TV Shows, Thrillers, Reality TV",A story about ambition set in Italy.
s39,TV Show,A Dream,,"Omar Rossi, Elena Dubois, Raj Kim",Japan,"July 17, 2020",2000,PG,2 Season,"Crime TV Shows, Thrillers",A story about family set in Japan.
s40,TV Show,Midnight Code (Season 2),,"Fatima Novak, Carlos Rossi",Germany,"May 4, 2020",2007,TV-Y7,4 Seasons,Horror Movies,A story about ambition set in Germany.
s41,Movie,Secret Dream,Not Given,"Nina Ahmed, Yusuf Silva, Carlos Novak, Yusuf Silva",Japan,"January 14, 2018",2014,PG-13,102 min,Action & Adventure,A story about ambition set in Japan.
s42,Movie,Rising Kingdom,Sofia Alvarez,"Grace Rossi, Liam Novak, Elena Kowalski",Germany,"October 17, 2019",2019,TV-14,176 min,Horror Movies,A story about ambition set in Germany.
s43,Movie,Midnight Journey,Hugo Fischer,"Liam Smith, John Ahmed, Liam Novak",United Kingdom,"May 17, 2021",2020,TV-14,71 min,"Horror Movies, Romantic Movies, Sci-Fi & Fantasy",A story about friendship set in United Kingdom.
s44,Movie,The Dream,Priya Sharma,"Sara Garcia, Carlos Rossi",India,"July 13, 2021",2018,TV-MA,89 min,Horror Movies,A story about betrayal set in India.
s45,TV Show,A Code,,"Omar Ahmed, Carlos Rossi, Tom Rossi",France,"May 28, 2020",2018,PG-13,5 Seasons,"Action & Adventure, Stand-Up Comedy, Docuseries",A story about ambition set in France.
s46,Movie,A Kingdom,Sofia Alvarez,"Yusuf Garcia, Wei Smith, Carlos Rossi",Mexico,"April 26, 2020",2019,PG-13,74 min,Horror Movies,A story about family set in Mexico.
s47,TV Show,Silent Shadow,,"Omar Kowalski, Raj Dubois, Raj Kowalski, Tom Khan",South Korea,"February 8, 2021",2003,R,6 Season,"International Movies, Comedies",A story about love set in South Korea.
s48,Movie,Midnight Horizon,Not Given,"Nina Garcia, Nina Novak, Liam Novak, Carlos Muller",Germany,"October 9, 2019",2017,TV-Y7,80 min,"Comedies, Sci-Fi & Fantasy, Kids TV",A story about war set in Germany.
s49,Movie,The Shadow,Sofia Alvarez,"Omar Patel, Sara Muller",Australia,"December 18, 2016",2001,TV-Y7,136 min,"Sci-Fi & Fantasy, Docuseries, International Movies",A story about survival set in Australia.
s50,TV Show,Broken Heart,,"Aiko Kim, Aiko Silva, Raj Garcia, Sara Chen, Aiko Kim",Mexico,"March 26, 2018",2015,TV-Y,7 Seasons,Sci-Fi & Fantasy,A story about betrayal set in Mexico.
s51,Movie,Golden Shadow,David Okafor,"Raj Brown, Yusuf Rossi",South Korea,"February 7, 2017",2001,NR,116 min,"Docuseries, Anime, Romantic Movies",A story about love set in South Korea.
s52,Movie,Rising Kingdom,Kenji Watanabe,"Tom Novak, Nina Garcia, John Patel, Elena Kowalski, Fatima Novak",United Kingdom,"March 6, 2021",2009,TV-MA,140 min,"Documentaries, Action & Adventure",A story about betrayal set in United Kingdom.
s53,Movie,A Kingdom,Priya Sharma,"Yusuf Novak, Liam Kim, Sara Rossi, Nina Khan",Spain,"October 24, 2017",2017,TV-Y,94 min,"International Movies, Reality TV, Comedies",A story about family set in Spain.
s54,TV Show,Broken Storm,,"Sara Smith, Liam Novak, Liam Brown, Elena Dubois",Brazil,"August 31, 2016",2015,TV-Y7,5 Season,"Stand-Up Comedy, Romantic Movies",A story about war set in Brazil.
s55,TV Show,Secret Horizon,,"John Silva, Grace Rossi, Grace Lee, Omar Kim, Carlos Patel",Nigeria,"June 4, 2020",2020,TV-Y7,1 Season,"Anime, Reality TV, Comedies",A story about friendship set in Nigeria.
s56,Movie,Silent Journey,Marcus Lee,"Sara Patel, Wei Garcia, Nina Kowalski, Liam Silva, Elena Novak",South Korea,"March 23, 2020",2020,PG,179 min,"Stand-Up Comedy, Thrillers, Anime",A story about friendship set in South Korea.
s57,TV Show,The Horizon (Season 3),,"Grace Garcia, Carlos Garcia, Omar Patel",Mexico,"December 23, 2019",2003,TV-PG,6 Season,Comedies,A story about war set in Mexico.
s58,TV Show,Midnight Storm,,"Fatima Ahmed, Carlos Dubois, Raj Kowalski",United Kingdom,"December 18, 2016",2005,TV-14,5 Seasons,"Romantic Movies, Docuseries, Horror Movies",A story about survival set in United Kingdom.
s59,Movie,Midnight Heart,Kenji Watanabe,"Tom Kowalski, Nina Lee",France,"May 20, 2021",2021,TV-PG,79 min,"Sports Movies, Horror Movies",A story about family set in France.
s60,Movie,Broken Dream,Priya Sharma,"Fatima Kim, Sara Rossi, Maria Khan, Carlos Dubois",Japan,"August 29, 2019",2018,PG-13,72 min,"Stand-Up Comedy, International Movies, Dramas",A story about love set in Japan.
s61,TV Show,Silent Dream,,"Elena Kowalski, Aiko Khan, Raj Khan",Australia,"July 14, 2016",2008,TV-14,6 Seasons,"Sci-Fi & Fantasy, Dramas",A story about war set in Australia.
s62,TV Show,A Dream,,"Wei Khan, Wei Kowalski, Yusuf Lee, Aiko Ahmed, Yusuf Lee",France,"November 18, 2017",2005,TV-Y7,7 Season,"Action & Adventure, Romantic Movies",A story about betrayal set in France.
s63,Movie,Secret City,Hugo Fischer,"Maria Kowalski, Carlos Smith, Liam Ahmed, Maria Rossi",Japan,"July 11, 2021",2021,PG-13,144 min,"Sports Movies, Comedies",A story about ambition set in Japan.
s64,Movie,Endless Code,Emily Carter,"Raj Garcia, Raj Brown, Nina Lee",Mexico,"July 31, 2019",2009,TV-14,87 min,Comedies,A story about family set in Mexico.
s65,TV Show,A Shadow,,"Carlos Rossi, Aiko Patel, Grace Novak",Germany,"August 2, 2021",2013,TV-PG,4 Seasons,"Reality TV, International Movies",A story about love set in Germany.
s66,TV Show,Secret Heart,,"Sara Silva, Maria Patel, Aiko Ahmed",Italy,"January 2, 2021",2020,TV-MA,4 Season,Sci-Fi & Fantasy,A story about betrayal set in Italy.
s67,Movie,Endless Journey,Rajiv Menon,"Fatima Chen, Omar Dubois, Fatima Garcia, Sara Kowalski",Germany,"July 29, 2021",2006,R,174 min,Anime,A story about survival set in Germany.
s68,TV Show,Endless Journey,,"Wei Ahmed, Liam Kowalski, Wei Garcia",Brazil,"June 23, 2016",2000,TV-MA,3 Seasons,Anime,A story about love set in Brazil.
s69,Movie,The Kingdom,David Okafor,"Grace Garcia, Nina Rossi",Nigeria,"October 3, 2020",2011,G,83 min,"Romantic Movies, Horror Movies",A story about love set in Nigeria.
s70,TV Show,Rising Dream,,"John Rossi, Sara Kim",South Korea,"January 28, 2021",2021,TV-Y7,6 Seasons,Documentaries,A story about war set in South Korea.
s71,Movie,A Kingdom,Kenji Watanabe,"Carlos Dubois, Yusuf Muller, Nina Ahmed, Elena Kim",India,"March 8, 2021",2003,R,125 min,"Romantic Movies, Kids TV",A story about war set in India.
s72,TV Show,Broken City,,"Carlos Silva, Raj Muller, Aiko Chen, Raj Lee",Spain,"January 9, 2016",2002,TV-14,1 Season,"Sports Movies, Stand-Up Comedy, Documentaries",A story about love set in Spain.
s73,Movie,Rising Code,Emily Carter,"Carlos Silva, Sara Patel",Nigeria,"July 30, 2015",2013,PG-13,146 min,"Sports Movies, Comedies",A story about ambition set in Nigeria.
s74,Movie,Silent Legacy,Alicia Wren,"Sara Ahmed, Aiko Garcia, Omar Muller, Elena Khan",Nigeria,"April 16, 2021",2013,G,148 min,"Dramas, Horror Movies, Anime",A story about family set in Nigeria.
s75,Movie,Midnight Dream,Emily Carter,"John Chen, Sara Chen, Elena Patel, Carlos Garcia",United Kingdom,"February 1, 2020",2020,TV-14,165 min,"Kids TV, Docuseries, Sci-Fi & Fantasy",A story about friendship set in United Kingdom.
s76,Movie,Golden Dream,Emily Carter,"Tom Smith, Wei Chen",Nigeria,"February 20, 2019",2019,TV-14,104 min,"Reality TV, Romantic Movies",A story about friendship set in Nigeria.
s77,Movie,Secret Code,Alicia Wren,"Carlos Garcia, Liam Patel, Raj Dubois, Nina Ahmed",Brazil,"July 6, 2015",2009,R,120 min,"Comedies, Dramas, Action & Adventure",A story about family set in Brazil.
s78,TV Show,Last Dream,,"John Rossi, Grace Kim",United Kingdom,"April 7, 2019",2004,NR,6 Season,"Sports Movies, Comedies, Kids TV",A story about love set in United Kingdom.
s79,Movie,Silent Shadow,Emily Carter,"Elena Kim, Grace Patel, Carlos Muller, Maria Kim, John Silva",United Kingdom,"April 16, 2020",2019,PG,81 min,"Action & Adventure, Docuseries",A story about identity set in United Kingdom.
s80,Movie,Rising Shadow,David Okafor,"Grace Silva, Fatima Silva, Omar Chen, Maria Ahmed",Brazil,"December 13, 2020",2003,NR,94 min,"Sports Movies, Docuseries",A story about survival set in Brazil.
s81,Movie,Last Dream,Sofia Alvarez,"Elena Chen, Omar Kowalski, Raj Garcia",United Kingdom,"May 20, 2021",2020,TV-Y7,166 min,"Sci-Fi & Fantasy, Anime, Horror Movies",A story about war set in United Kingdom.
s82,TV Show,Golden Kingdom,,"Nina Patel, Liam Kowalski, Liam Dubois, John Silva, Yusuf Garcia",France,"January 26, 2020",2014,TV-MA,1 Season,"Documentaries, Anime",A story about betrayal set in France.
s83,Movie,Rising City,Priya Sharma,"Nina Lee, Omar Dubois",Brazil,"August 9, 2018",2006,G,130 min,"International Movies, Dramas, Romantic Movies",A story about betrayal set in Brazil.
s84,TV Show,Golden Shadow,,"John Khan, Grace Rossi, Nina Ahmed",Germany,"June 12, 2019",2019,PG,3 Seasons,"Reality TV, Stand-Up Comedy",A story about war set in Germany.
s85,Movie,The Storm,Alicia Wren,"Maria Ahmed, Raj Kim, Liam Muller, Grace Brown",Brazil,"June 13, 2021",2019,TV-PG,112 min,International Movies,A story about war set in Brazil.
s86,Movie,Broken Kingdom,Not Given,"Liam Ahmed, Carlos Patel",Nigeria,"June 7, 2016",2010,NR,81 min,"Reality TV, Crime TV Shows, Thrillers",A story about love set in Nigeria.
s87,Movie,Last Legacy,Emily Carter,"Fatima Khan, Wei Chen, Maria Muller, Sara Kowalski, Maria Ahmed",Nigeria,"February 21, 2021",2017,NR,74 min,"Anime, Sci-Fi & Fantasy, Stand-Up Comedy",A story about survival set in Nigeria.
s88,Movie,Last Kingdom,Marcus Lee,"Grace Rossi, John Kim, Aiko Patel",Mexico,"December 25, 2019",2007,G,106 min,"Sci-Fi & Fantasy, Action & Adventure, Crime TV Shows",A story about ambition set in Mexico.
s89,Movie,Silent Legacy,Emily Carter,"Nina Kowalski, Liam Kowalski, Carlos Ahmed, Yusuf Kim, Wei Brown",Canada,"May 22, 2019",2019,PG-13,76 min,"Docuseries, Reality TV, Thrillers",A story about betrayal set in Canada.
s90,TV Show,Rising Shadow,,"Liam Rossi, Tom Ahmed, Wei Brown",South Korea,"June 28, 2017",2002,TV-Y7,3 Seasons,"Comedies, Kids TV",A story about war set in South Korea.
s91,Movie,A Storm,Sofia Alvarez,"Aiko Lee, Maria Brown",Mexico,"December 9, 2020",2020,TV-PG,87 min,Horror Movies,A story about friendship set in Mexico.
s92,TV Show,Last Heart,,"Tom Garcia, John Muller",Canada,"February 25, 2021",2004,G,5 Season,"Romantic Movies, International Movies",A story about betrayal set in Canada.
s93,Movie,Broken Horizon,Priya Sharma,"Maria Brown, Tom Rossi",Australia,"February 3, 2017",2017,NR,143 min,International Movies,A story about family set in Australia.
s94,Movie,Endless Storm,Sofia Alvarez,"Wei Patel, Raj Garcia, Yusuf Silva, Maria Ahmed, Yusuf Ahmed",Nigeria,"March 24, 2016",2016,TV-Y,130 min,Stand-Up Comedy,A story about war set in Nigeria.
s95,Movie,The Storm,Alicia Wren,"Fatima Novak, Raj Patel, Maria Kowalski, Elena Novak",Nigeria,"June 30, 2016",2010,TV-MA,115 min,"Anime, Reality TV, Docuseries",A story about survival set in Nigeria.
s96,TV Show,Silent Heart,,"Maria Novak, Omar Rossi, John Muller",Canada,"March 28, 2017",2001,TV-MA,3 Seasons,"Stand-Up Comedy, Reality TV, Crime TV Shows",A story about friendship set in Canada.
s97,Movie,Secret Dream,Emily Carter,"Sara Patel, Aiko Muller",India,"November 25, 2019",2011,TV-Y,165 min,"Stand-Up Comedy, Thrillers",A story about survival set in India.
s98,Movie,Silent Storm,Hugo Fischer,"Omar Garcia, Grace Kim, Maria Kim, Elena Brown",United Kingdom,"August 25, 2018",2017,PG,83 min,Anime,A story about family set in United Kingdom.
s99,Movie,Endless City,Marcus Lee,"Aiko Rossi, John Novak, Sara Lee, Aiko Dubois, Carlos Muller",Brazil,"November 4, 2015",2001,TV-Y,116 min,"Thrillers, Dramas, Documentaries",A story about friendship set in Brazil.
s100,Movie,A Legacy,Emily Carter,"Carlos Dubois, John Dubois, Wei Patel, Nina Silva",Japan,"November 11, 2015",2014,G,87 min,"Sports Movies, Kids TV, Thrillers",A story about family set in Japan.
s101,Movie,A Journey,Marcus Lee,"Yusuf Kim, Tom Ahmed, Maria Muller, Omar Muller, Grace Rossi",Canada,"October 20, 2019",2019,TV-Y7,95 min,International Movies,A story about betrayal set in Canada.
s102,Movie,Silent Shadow,Emily Carter,"Grace Garcia, Yusuf Ahmed, Liam Lee, Liam Brown",United Kingdom,"June 27, 2020",2020,PG,135 min,Action & Adventure,A story about ambition set in United Kingdom.
s103,TV Show,Secret Heart (Season 3),,"Omar Ahmed, Wei Dubois, Tom Garcia, Maria Muller, Carlos Novak",Mexico,"November 23, 2020",2015,TV-Y,7 Season,"Documentaries, Docuseries, Thrillers",A story about betrayal set in Mexico.
s104,Movie,Rising Storm,Marcus Lee,"Omar Chen, Carlos Ahmed, Tom Brown",United States,"October 23, 2020",2003,TV-PG,108 min,Thrillers,A story about war set in United States.
s105,TV Show,Secret Storm,,"Sara Garcia, Liam Khan, Raj Ahmed, Liam Chen",Brazil,"December 25, 2020",2009,TV-14,5 Seasons,"International Movies, Documentaries, Anime",A story about war set in Brazil.
s106,TV Show,Endless Journey,,"Maria Smith, Raj Kowalski",Australia,"May 13, 2017",2008,G,4 Seasons,Docuseries,A story about family set in Australia.
s107,Movie,Midnight Heart,Sofia Alvarez,"Liam Rossi, Maria Novak, John Chen, Nina Kim, Nina Rossi",Canada,"August 11, 2016",2010,PG,180 min,"Anime, Sports Movies, Reality TV",A story about war set in Canada.
s108,TV Show,Last Storm,,"Aiko Khan, Nina Garcia",France,"October 12, 2017",2014,TV-PG,1 Season,"Reality TV, Action & Adventure",A story about survival set in France.
s109,TV Show,Endless Storm (Season 2),,"Yusuf Rossi, Nina Lee, Liam Rossi, John Garcia, Carlos Ahmed",Spain,"May 31, 2017",2007,G,3 Season,"Docuseries, Horror Movies",A story about friendship set in Spain.
s110,Movie,The Shadow,David Okafor,"Tom Muller, Grace Silva, Omar Kim",Japan,"June 29, 2019",2001,TV-MA,142 min,"Kids TV, Thrillers, Crime TV Shows",A story about family set in Japan.
s111,Movie,Rising Heart,Hugo Fischer,"Sara Dubois, Raj Dubois, Maria Chen, Maria Kim",Japan,"April 3, 2021",2010,PG,166 min,Kids TV,A story about identity set in Japan.
s112,Movie,The Journey,Marcus Lee,"Omar Rossi, Yusuf Rossi, Wei Dubois, Tom Ahmed",United Kingdom,"July 28, 2018",2010,TV-PG,120 min,"Horror Movies, Docuseries, Thrillers",A story about friendship set in United Kingdom.
s113,TV Show,Midnight Heart,,"Aiko Patel, Maria Kim, Elena Muller, Omar Lee",Mexico,"January 28, 2020",2020,G,4 Season,"Romantic Movies, Sports Movies, Dramas",A story about friendship set in Mexico.
s114,Movie,Endless City,Marcus Lee,"John Dubois, Grace Garcia, Fatima Smith",Spain,"September 12, 2019",2010,TV-PG,122 min,"Kids TV, Docuseries, Crime TV Shows",A story about friendship set in Spain.
s115,TV Show,The Kingdom,,"Raj Rossi, Yusuf Kim, Aiko Chen, Nina Lee",Germany,"February 15, 2021",2010,PG,6 Seasons,"Crime TV Shows, Horror Movies, Romantic Movies",A story about ambition set in Germany.
s116,TV Show,Midnight Code,,"Omar Muller, Grace Khan, Grace Novak, Nina Silva",Spain,"April 14, 2021",2011,PG-13,3 Season,"Stand-Up Comedy, Sci-Fi & Fantasy, Kids TV",A story about war set in Spain.
s117,TV Show,Last Dream (Season 1),,"Tom Rossi, Raj Muller, Grace Rossi, Fatima Khan",Egypt,"July 10, 2018",2017,NR,6 Season,Romantic Movies,A story about ambition set in Egypt.
s118,Movie,Rising Legacy,Sofia Alvarez,"Maria Kim, Aiko Novak",Spain,"July 17, 2016",2003,TV-MA,140 min,Reality TV,A story about friendship set in Spain.
s119,Movie,Secret Dream,Emily Carter,"Raj Smith, Tom Kowalski, Maria Patel, Elena Khan",Germany,"December 18, 2016",2001,TV-Y,177 min,Comedies,A story about identity set in Germany.
s120,TV Show,Last Dream,,"Liam Dubois, Elena Garcia",Italy,"March 11, 2018",2010,TV-Y7,6 Seasons,"International Movies, Reality TV",A story about friendship set in Italy.
s121,Movie,A Storm,Marcus Lee,"Raj Muller, Grace Chen, John Novak, Aiko Kowalski, Liam Dubois",Brazil,"December 19, 2016",2006,G,179 min,"Stand-Up Comedy, Reality TV, Kids TV",A story about war set in Brazil.
s122,Movie,A Kingdom,Marcus Lee,"Aiko Lee, Fatima Smith, Liam Kim, Fatima Rossi, Omar Muller",Japan,"July 13, 2021",2009,G,71 min,"Sports Movies, Docuseries",A story about ambition set in Japan.
s123,Movie,A Heart,Kenji Watanabe,"Carlos Patel, Yusuf Lee, Tom Lee",Mexico,"April 25, 2016",2009,PG-13,117 min,"Romantic Movies, Action & Adventure, Documentaries",A story about friendship set in Mexico.
s124,Movie,Endless Storm,David Okafor,"Omar Ahmed, Omar Patel, Sara Khan, Omar Khan, Raj Kowalski",Australia,"November 22, 2020",2002,TV-Y7,137 min,"Sports Movies, Comedies, Horror Movies",A story about betrayal set in Australia.
s125,Movie,Rising Code,Sofia Alvarez,"Wei Silva, Sara Ahmed, Nina Garcia",Brazil,"July 16, 2021",2006,TV-Y7,81 min,"Sci-Fi & Fantasy, Stand-Up Comedy, Dramas",A story about friendship set in Brazil.
s126,Movie,Broken Heart,Not Given,"Yusuf Rossi, Raj Kowalski",France,"June 10, 2019",2000,PG-13,174 min,Kids TV,A story about betrayal set in France.
s127,Movie,Golden Shadow,Hugo Fischer,"Tom Lee, Maria Lee",Spain,"March 21, 2018",2001,TV-Y,93 min,Reality TV,A story about war set in Spain.
s128,TV Show,Broken Heart,,"Carlos Garcia, Raj Patel, Sara Ahmed, Wei Patel, Sara Silva",India,"January 9, 2021",2005,TV-Y,5 Season,Dramas,A story about love set in India.
s129,TV Show,Silent Code,,"Sara Khan, Fatima Rossi, Aiko Chen, Liam Khan, Tom Lee",Mexico,"May 12, 2015",2003,TV-Y,5 Seasons,Romantic Movies,A story about ambition set in Mexico.
s130,Movie,Endless Journey,Priya Sharma,"Fatima Novak, John Kim",Spain,"January 19, 2021",2007,R,166 min,International Movies,A story about family set in Spain.
s131,Movie,Endless Storm,Not Given,"Fatima Muller, Tom Chen, Raj Ahmed, Fatima Kim",France,"September 7, 2015",2008,NR,145 min,"Thrillers, Anime, Sci-Fi & Fantasy",A story about identity set in France.
s132,Movie,The Storm,David Okafor,"Grace Kim, Carlos Chen, Liam Kim, Wei Kowalski",Germany,"September 14, 2017",2015,R,108 min,"International Movies, Stand-Up Comedy, Romantic Movies",A story about love set in Germany.
s133,Movie,Broken Code,Hugo Fischer,"Carlos Khan, Liam Khan, Aiko Patel",India,"February 28, 2019",2014,TV-14,138 min,"Kids TV, Dramas, International Movies",A story about identity set in India.
s134,Movie,Endless Journey,Alicia Wren,"Omar Kowalski, Elena Novak, Raj Ahmed",Canada,"May 5, 2017",2015,PG,108 min,Kids TV,A story about ambition set in Canada.
s135,TV Show,A Heart,,"Carlos Lee, Fatima Ahmed, Aiko Kowalski",France,"March 24, 2020",2012,NR,6 Season,"Sports Movies, Crime TV Shows",A story about friendship set in France.
s136,Movie,Silent Storm,Sofia Alvarez,"Aiko Kim, John Dubois, Sara Khan, Grace Chen",United States,"March 16, 2021",2008,G,144 min,"Reality TV, International Movies, Documentaries",A story about ambition set in United States.
s137,Movie,Broken Horizon,Sofia Alvarez,"Yusuf Patel, Raj Silva, Liam Kowalski, Sara Rossi, Grace Patel",Mexico,"March 2, 2020",2015,TV-PG,163 min,"Thrillers, Documentaries",A story about friendship set in Mexico.
s138,Movie,Rising Journey,Hugo Fischer,"Sara Brown, Maria Brown",Brazil,"January 27, 2015",2001,TV-Y,87 min,"Romantic Movies, Comedies, Sports Movies",A story about survival set in Brazil.
s139,Movie,Rising Heart,Emily Carter,"Elena Patel, Raj Lee",Australia,"June 21, 2020",2015,TV-MA,70 min,"Reality TV, Dramas, Sci-Fi & Fantasy",A story about family set in Australia.
s140,Movie,Midnight Journey,Hugo Fischer,"Omar Lee, Wei Garcia, Tom Garcia, Yusuf Chen, Fatima Khan",Australia,"October 30, 2018",2016,PG,104 min,"Documentaries, Thrillers",A story about identity set in Australia.
s141,Movie,Secret Legacy,Kenji Watanabe,"Raj Brown, Raj Kowalski",United States,"July 19, 2019",2002,TV-Y,118 min,"Docuseries, Dramas, Anime",A story about love set in United States.
s142,TV Show,A Heart,,"Elena Brown, Maria Lee, Yusuf Lee, John Khan",Canada,"August 31, 2020",2018,PG-13,1 Seasons,"Crime TV Shows, Sci-Fi & Fantasy, Docuseries",A story about love set in Canada.
s143,Movie,Golden Journey,Sofia Alvarez,"Omar Brown, Grace Brown, Carlos Lee",India,"October 27, 2016",2009,G,100 min,"Stand-Up Comedy, Anime, Crime TV Shows",A story about war set in India.
s144,Movie,Last Shadow,Hugo Fischer,"John Garcia, Carlos Khan, Sara Garcia, Aiko Dubois",Nigeria,"September 1, 2020",2019,TV-Y,169 min,"Dramas, Anime",A story about family set in Nigeria.
s145,TV Show,Silent Heart,,"Carlos Chen, Raj Dubois, Raj Kim, Maria Kowalski, Elena Muller",Nigeria,"October 29, 2015",2007,TV-14,3 Season,"International Movies, Sports Movies, Kids TV",A story about war set in Nigeria.
s146,Movie,A Journey,Kenji Watanabe,"Aiko Kowalski, Liam Garcia, Wei Garcia, Wei Kim, Nina Ahmed",Germany,"July 29, 2020",2016,TV-14,73 min,Sports Movies,A story about betrayal set in Germany.
s147,Movie,Golden City,Rajiv Menon,"Carlos Kim, Omar Garcia, Grace Lee, Yusuf Lee",Canada,"December 3, 2020",2018,TV-PG,157 min,"Thrillers, Documentaries",A story about family set in Canada.
s148,Movie,Silent Kingdom,Alicia Wren,"Carlos Muller, Carlos Muller, Nina Kowalski",India,"October 27, 2017",2011,R,162 min,"Docuseries, Horror Movies, Sci-Fi & Fantasy",A story about ambition set in India.
s149,Movie,Last Dream,Rajiv Menon,"Aiko Brown, Elena Kim, Omar Brown, Aiko Rossi, Aiko Kim",Egypt,"August 31, 2021",2020,TV-PG,108 min,"Kids TV, Romantic Movies",A story about war set in Egypt.
s150,Movie,Broken Storm,Kenji Watanabe,"Elena Kowalski, Fatima Silva, Carlos Muller, Sara Kowalski, Carlos Silva",India,"February 14, 2019",2018,G,139 min,Dramas,A story about friendship set in India.
s151,TV Show,Secret Heart,,"Sara Brown, Omar Kowalski",South Korea,"May 8, 2021",2021,TV-PG,6 Season,"International Movies, Sports Movies",A story about identity set in South Korea.
s152,TV Show,A Heart,,"Elena Kim, Yusuf Ahmed, Tom Lee, Sara Novak, Carlos Ahmed",United States,"January 8, 2021",2011,G,6 Seasons,Romantic Movies,A story about war set in United States.
s153,Movie,Endless Journey,Not Given,"Omar Silva, Omar Kim, Maria Smith, Maria Muller, Fatima Ahmed",Mexico,"June 24, 2018",2016,TV-Y7,117 min,"Sci-Fi & Fantasy, Stand-Up Comedy",A story about survival set in Mexico.
s154,Movie,The Heart,Alicia Wren,"Carlos Lee, Maria Garcia, Sara Novak, Wei Silva",France,"February 9, 2020",2010,R,136 min,"Sports Movies, Romantic Movies",A story about betrayal set in France.
s155,Movie,Silent Storm,Alicia Wren,"John Kowalski, Grace Garcia, John Brown, Aiko Patel",India,"July 24, 2021",2021,TV-PG,164 min,Thrillers,A story about survival set in India.
s156,Movie,Broken Heart,Sofia Alvarez,"Raj Chen, Wei Patel, Raj Kim, Carlos Smith, Grace Dubois",Italy,"January 16, 2020",2006,G,124 min,"Dramas, Sports Movies",A story about ambition set in Italy.
s157,Movie,A Horizon,Alicia Wren,"Aiko Silva, Fatima Rossi, Maria Muller",Brazil,"December 1, 2020",2015,PG,146 min,"Stand-Up Comedy, Horror Movies",A story about betrayal set in Brazil.
s158,Movie,Silent Horizon,Marcus Lee,"Tom Dubois, Elena Garcia, Raj Chen, Aiko Garcia",Canada,"April 24, 2016",2009,TV-PG,117 min,"International Movies, Crime TV Shows, Kids TV",A story about identity set in Canada.
s159,Movie,Endless City,David Okafor,"Nina Patel, Yusuf Novak, Tom Patel",Italy,"March 22, 2021",2005,TV-PG,132 min,"International Movies, Documentaries",A story about war set in Italy.
s160,TV Show,Endless Journey,,"Nina Chen, Fatima Brown",South Korea,"November 2, 2019",2017,TV-Y7,4 Seasons,"Sci-Fi & Fantasy, Romantic Movies",A story about survival set in South Korea.
s161,Movie,The Legacy,Kenji Watanabe,"Liam Khan, Yusuf Muller",United Kingdom,"May 5, 2021",2014,TV-Y7,140 min,"Action & Adventure, Horror Movies, Comedies",A story about family set in United Kingdom.
s162,TV Show,Golden Code,,"Omar Novak, Nina Ahmed",Canada,"February 24, 2016",2013,R,3 Seasons,Sci-Fi & Fantasy,A story about family set in Canada.
s163,Movie,A Heart,Alicia Wren,"Fatima Kowalski, Grace Dubois, Grace Silva",Egypt,"October 9, 2020",2019,TV-Y,91 min,"International Movies, Stand-Up Comedy, Action & Adventure",A story about ambition set in Egypt.
s164,TV Show,Endless Storm,,"Aiko Novak, Liam Muller, Elena Muller",Egypt,"January 25, 2017",2016,TV-PG,7 Seasons,Crime TV Shows,A story about survival set in Egypt.
s165,TV Show,Last Legacy (Season 3),,"Omar Brown, Raj Kim, Nina Chen",Australia,"October 2, 2020",2020,TV-Y,4 Season,"Documentaries, Kids TV, Crime TV Shows",A story about family set in Australia.
s166,TV Show,Golden Heart,,"Elena Smith, Sara Kowalski, Sara Novak, Maria Novak",Spain,"January 1, 2021",2020,TV-14,7 Seasons,Reality TV,A story about ambition set in Spain.
s167,Movie,Golden Dream,Emily Carter,"Elena Brown, Nina Kowalski, Aiko Lee",Brazil,"July 8, 2015",2001,TV-14,150 min,"Dramas, Comedies",A story about survival set in Brazil.
s168,Movie,The City,Sofia Alvarez,"Tom Patel, Liam Chen, Sara Lee",Italy,"January 18, 2016",2008,PG,102 min,Sports Movies,A story about survival set in Italy.
s169,Movie,Midnight Legacy,David Okafor,"Grace Garcia, John Khan",Spain,"June 27, 2016",2002,G,98 min,"Sci-Fi & Fantasy, Dramas, Docuseries",A story about war set in Spain.
s170,TV Show,Broken Kingdom,,"Carlos Garcia, Grace Kowalski, Maria Garcia",Japan,"May 10, 2018",2011,TV-PG,4 Seasons,International Movies,A story about betrayal set in Japan.
s171,Movie,The Horizon,Marcus Lee,"Aiko Novak, Fatima Patel, Grace Chen, Tom Kim, Elena Patel",Spain,"December 22, 2015",2006,TV-14,87 min,Stand-Up Comedy,A story about war set in Spain.
s172,TV Show,Golden Kingdom,,"Fatima Ahmed, Elena Dubois",Mexico,"October 19, 2019",2019,TV-MA,7 Seasons,"Kids TV, Crime TV Shows",A story about ambition set in Mexico.
s173,TV Show,Midnight Journey,,"Nina Kim, Maria Khan, Nina Patel",Australia,"December 3, 2020",2002,TV-MA,3 Seasons,Stand-Up Comedy,A story about identity set in Australia.
s174,Movie,Last Heart,Alicia Wren,"Elena Garcia, John Muller",Canada,"September 5, 2015",2001,TV-Y,134 min,"Reality TV, Kids TV",A story about identity set in Canada.
s175,Movie,Rising Code,Not Given,"Liam Garcia, Liam Garcia, Yusuf Lee",Canada,"January 6, 2021",2004,PG,120 min,"Documentaries, International Movies, Sports Movies",A story about identity set in Canada.
s176,TV Show,Secret Journey,,"Maria Rossi, Elena Dubois, John Muller, Raj Novak, Raj Novak",United Kingdom,"February 21, 2015",2003,TV-PG,6 Season,"Sports Movies, Crime TV Shows",A story about family set in United Kingdom.
s177,Movie,Last Dream,Alicia Wren,"Aiko Kowalski, Carlos Muller",Germany,"December 13, 2017",2002,G,150 min,Docuseries,A story about friendship set in Germany.
s178,Movie,The Heart,Not Given,"Aiko Chen, Liam Kowalski, Maria Lee",Australia,"July 5, 2021",2021,TV-14,99 min,"Dramas, Docuseries, Reality TV",A story about love set in Australia.
s179,Movie,Silent Storm,David Okafor,"Wei Lee, Sara Smith, Yusuf Kowalski",Italy,"March 5, 2021",2020,R,111 min,Reality TV,A story about war set in Italy.
s180,Movie,A Horizon,Emily Carter,"Yusuf Patel, Tom Smith",United Kingdom,"October 13, 2020",2007,TV-MA,121 min,Sci-Fi & Fantasy,A story about family set in United Kingdom.
s181,TV Show,Midnight Storm (Season 4),,"Aiko Khan, Liam Dubois",Nigeria,"September 20, 2017",2009,TV-Y7,3 Seasons,"Kids TV, Sports Movies",A story about ambition set in Nigeria.
s182,Movie,Broken Journey,Sofia Alvarez,"Raj Brown, Grace Lee, John Silva, John Kowalski",Brazil,"June 13, 2018",2012,TV-14,96 min,"Romantic Movies, Kids TV, Docuseries",A story about love set in Brazil.
s183,TV Show,Last Dream (Season 2),,"Grace Lee, Aiko Rossi, Grace Garcia, Elena Garcia, Yusuf Chen",Brazil,"November 3, 2015",2012,G,5 Season,"International Movies, Action & Adventure, Docuseries",A story about family set in Brazil.
s184,TV Show,Broken Storm,,"Fatima Garcia, Fatima Chen, Omar Kowalski, Elena Garcia",United Kingdom,"November 4, 2016",2003,TV-Y7,4 Season,Sports Movies,A story about ambition set in United Kingdom.
s185,Movie,Silent Dream,Alicia Wren,"Wei Kowalski, Raj Muller",Egypt,"February 11, 2019",2019,R,176 min,"International Movies, Comedies",A story about ambition set in Egypt.
s186,TV Show,Broken Code (Season 3),,"Sara Chen, John Kim, Sara Rossi, Yusuf Novak",Germany,"January 23, 2016",2007,TV-Y7,1 Seasons,Action & Adventure,A story about love set in Germany.
s187,Movie,Secret Kingdom,Sofia Alvarez,"Aiko Patel, Raj Patel, Maria Dubois, Elena Muller, Tom Brown",India,"September 22, 2015",2000,R,152 min,"International Movies, Comedies",A story about war set in India.
s188,Movie,Silent Journey,Marcus Lee,"Sara Novak, Carlos Rossi, John Kim, Raj Kim, Wei Silva",Canada,"January 31, 2018",2005,PG-13,127 min,Comedies,A story about ambition set in Canada.
s189,Movie,Silent City,Hugo Fischer,"John Garcia, Liam Kim, Wei Kim, Fatima Patel, Tom Kowalski",Germany,"February 4, 2021",2007,TV-MA,118 min,"Sports Movies, Romantic Movies, Crime TV Shows",A story about friendship set in Germany.
s190,Movie,Endless Code,Emily Carter,"Liam Chen, John Silva, Elena Khan, John Lee, Omar Kowalski",France,"April 16, 2020",2001,NR,115 min,"Romantic Movies, Documentaries, Comedies",A story about ambition set in France.
s191,Movie,Midnight Code,Rajiv Menon,"Elena Brown, Omar Kim, Aiko Lee",Egypt,"December 22, 2016",2005,R,145 min,"Sports Movies, Sci-Fi & Fantasy",A story about love set in Egypt.
s192,TV Show,Golden Horizon,,"Sara Kowalski, Tom Rossi, Yusuf Muller",United Kingdom,"June 5, 2015",2015,TV-14,1 Season,Dramas,A story about friendship set in United Kingdom.
s193,Movie,Endless Legacy,Marcus Lee,"Grace Chen, Tom Kowalski, Sara Brown, Aiko Smith",United States,"July 30, 2021",2004,TV-PG,169 min,Sports Movies,A story about betrayal set in United States.
s194,Movie,Broken Horizon,Alicia Wren,"Liam Silva, Wei Chen, Grace Kim, Omar Patel",Spain,"November 20, 2020",2020,TV-PG,160 min,"Sports Movies, Action & Adventure, Anime",A story about survival set in Spain.
s195,Movie,Midnight Kingdom,Marcus Lee,"Grace Dubois, Carlos Brown",Nigeria,"March 8, 2018",2018,TV-PG,147 min,"Romantic Movies, Anime",A story about betrayal set in Nigeria.
s196,TV Show,Last Storm,,"Aiko Silva, Wei Patel, Tom Garcia",Egypt,"June 13, 2021",2021,PG,4 Season,Romantic Movies,A story about betrayal set in Egypt.
s197,Movie,A Journey,Rajiv Menon,"Nina Novak, Carlos Chen, Tom Kim, Nina Lee, Carlos Silva",Germany,"February 20, 2016",2012,TV-Y7,170 min,"Romantic Movies, Documentaries, Docuseries",A story about betrayal set in Germany.
s198,TV Show,The Dream (Season 3),,"Maria Silva, Wei Lee",South Korea,"November 4, 2015",2005,NR,1 Season,"Docuseries, Sports Movies, Dramas",A story about identity set in South Korea.
s199,TV Show,Last Horizon,,"John Garcia, Aiko Khan, Fatima Kim",Mexico,"January 18, 2021",2017,NR,3 Seasons,"Romantic Movies, Comedies",A story about love set in Mexico.
s200,Movie,Rising Heart,Marcus Lee,"Aiko Smith, Carlos Garcia",France,"June 10, 2021",2021,G,131 min,Action & Adventure,A story about love set in France.
s201,Movie,Midnight Shadow,Priya Sharma,"Liam Kowalski, Carlos Rossi",Spain,"March 9, 2021",2021,TV-14,152 min,"Stand-Up Comedy, Documentaries, Thrillers",A story about identity set in Spain.
s202,Movie,Silent Journey,Kenji Watanabe,"Nina Muller, Fatima Brown, Liam Dubois, John Chen, Omar Novak",Brazil,"December 18, 2015",2003,PG,173 min,"Reality TV, Stand-Up Comedy, Horror Movies",A story about ambition set in Brazil.
s203,Movie,Broken Code,David Okafor,"Elena Lee, Fatima Rossi, Liam Garcia, Carlos Lee, Sara Novak",United States,"August 26, 2017",2016,TV-14,166 min,"Thrillers, Documentaries",A story about ambition set in United States.
s204,TV Show,Last Journey,,"Fatima Brown, Raj Chen, Sara Dubois, Liam Silva, Tom Novak",Italy,"December 23, 2015",2002,TV-Y,5 Season,"Crime TV Shows, Docuseries",A story about friendship set in Italy.
s205,TV Show,The Horizon,,"Maria Kim, Wei Chen, Elena Dubois, Elena Kowalski, Maria Lee",India,"July 26, 2018",2018,PG-13,7 Seasons,"Reality TV, International Movies",A story about identity set in India.
s206,Movie,Endless Horizon,Priya Sharma,"Wei Muller, Carlos Chen",Australia,"November 28, 2020",2019,TV-Y,74 min,"Anime, Sports Movies",A story about ambition set in Australia.
s207,Movie,Silent Dream,Emily Carter,"Aiko Brown, Omar Muller",France,"July 6, 2020",2008,TV-14,99 min,Horror Movies,A story about friendship set in France.
s208,TV Show,Golden Dream,,"Fatima Rossi, Fatima Lee",Egypt,"June 7, 2020",2013,NR,7 Season,Thrillers,A story about betrayal set in Egypt.
s209,Movie,Rising City,Marcus Lee,"Wei Khan, Tom Brown",Canada,"October 18, 2017",2001,TV-MA,128 min,Sports Movies,A story about ambition set in Canada.
s210,Movie,Silent Code,David Okafor,"Raj Smith, Fatima Silva",Spain,"April 1, 2020",2019,TV-PG,130 min,"Sports Movies, Thrillers, Documentaries",A story about family set in Spain.
s211,TV Show,A Dream (Season 1),,"Sara Dubois, Omar Khan, Sara Khan",Brazil,"April 26, 2017",2007,PG-13,6 Season,Dramas,A story about friendship set in Brazil.
s212,TV Show,Last Horizon,,"Liam Dubois, Omar Muller, Grace Novak",Brazil,"October 2, 2019",2008,TV-Y,7 Season,"Kids TV, Romantic Movies",A story about family set in Brazil.
s213,Movie,Endless City,Not Given,"John Ahmed, Raj Brown",Egypt,"April 18, 2021",2011,G,147 min,"Horror Movies, Anime",A story about betrayal set in Egypt.
s214,Movie,Golden Dream,Emily Carter,"Liam Patel, Grace Lee, Raj Muller, Fatima Chen",Germany,"August 21, 2015",2007,G,121 min,"Anime, Docuseries, Documentaries",A story about love set in Germany.
s215,Movie,Midnight Dream,David Okafor,"Carlos Novak, John Dubois, Grace Dubois, Sara Khan, Aiko Novak",Mexico,"December 29, 2020",2007,TV-Y7,155 min,"Horror Movies, Reality TV",A story about survival set in Mexico.
s216,TV Show,Rising Kingdom,,"Wei Novak, Liam Novak, Omar Ahmed, Omar Lee, Wei Patel",Italy,"January 1, 2016",2010,R,3 Season,"Reality TV, Stand-Up Comedy",A story about war set in Italy.
s217,Movie,Endless Dream,Priya Sharma,"Nina Smith, Sara Patel",Australia,"June 25, 2021",2018,TV-14,130 min,Action & Adventure,A story about identity set in Australia.
s218,Movie,Broken Journey,Marcus Lee,"Fatima Silva, Carlos Dubois, Tom Lee",Spain,"July 19, 2018",2004,TV-PG,169 min,Docuseries,A story about war set in Spain.
s219,Movie,Last Storm,Rajiv Menon,"Nina Muller, Fatima Kowalski",Nigeria,"June 18, 2021",2005,TV-PG,132 min,International Movies,A story about identity set in Nigeria.
s220,Movie,Broken City,Priya Sharma,"John Smith, Yusuf Khan, Grace Silva, John Lee, Aiko Kowalski",Egypt,"February 19, 2018",2016,TV-MA,156 min,Romantic Movies,A story about ambition set in Egypt.
s221,TV Show,Golden Dream (Season 4),,"Wei Garcia, Sara Smith, Liam Muller, Nina Novak",Germany,"June 20, 2020",2019,PG,4 Seasons,Anime,A story about friendship set in Germany.
s222,Movie,Secret Kingdom,David Okafor,"Fatima Khan, Grace Chen",Canada,"August 12, 2021",2000,NR,91 min,Sports Movies,A story about love set in Canada.
s223,Movie,Midnight Code,Not Given,"Elena Smith, Raj Garcia",Brazil,"July 17, 2015",2000,TV-14,123 min,"Stand-Up Comedy, Comedies",A story about family set in Brazil.
s224,Movie,Last Legacy,Rajiv Menon,"Carlos Patel, Maria Patel, Yusuf Muller, Elena Dubois",Mexico,"September 12, 2019",2004,TV-14,135 min,"Action & Adventure, International Movies, Comedies",A story about betrayal set in Mexico.
s225,Movie,Endless Legacy,Kenji Watanabe,"Aiko Novak, Carlos Muller, Wei Smith",Germany,"April 30, 2017",2015,TV-Y7,112 min,Dramas,A story about love set in Germany.
s226,Movie,A Horizon,Priya Sharma,"Maria Kowalski, Yusuf Garcia, Grace Novak",India,"August 4, 2017",2008,TV-Y7,107 min,"Sci-Fi & Fantasy, Dramas",A story about betrayal set in India.
s227,TV Show,The Dream,,"Carlos Novak, Maria Garcia, Sara Kowalski, Tom Smith",United States,"November 29, 2016",2004,PG,3 Seasons,"Crime TV Shows, Sci-Fi & Fantasy, Sports Movies",A story about betrayal set in United States.
s228,Movie,Golden Kingdom,Alicia Wren,"Carlos Rossi, Liam Brown, Carlos Novak, Sara Rossi, Omar Kim",Brazil,"April 8, 2016",2005,TV-PG,159 min,"Comedies, Reality TV, Documentaries",A story about betrayal set in Brazil.
s229,Movie,Endless Heart,Not Given,"Wei Dubois, Carlos Kowalski, Aiko Dubois, John Brown, Raj Lee",Egypt,"June 1, 2020",2004,TV-Y7,84 min,"Sci-Fi & Fantasy, Dramas",A story about betrayal set in Egypt.
s230,Movie,Golden Journey,Hugo Fischer,"Raj Brown, Aiko Ahmed, Yusuf Novak",Mexico,"April 8, 2019",2019,TV-Y,154 min,"Romantic Movies, Docuseries, Thrillers",A story about identity set in Mexico.
s231,Movie,Rising Horizon,Rajiv Menon,"Raj Lee, Wei Ahmed",Egypt,"July 23, 2020",2015,TV-PG,79 min,"Anime, Action & Adventure",A story about war set in Egypt.
s232,TV Show,The Code,,"Carlos Brown, Fatima Garcia, Nina Rossi, Omar Dubois, Nina Garcia",Egypt,"January 6, 2020",2015,PG,1 Seasons,"Dramas, Comedies, Kids TV",A story about identity set in Egypt.
s233,Movie,Rising Journey,Alicia Wren,"Tom Ahmed, Yusuf Khan, Raj Patel, Nina Silva",Japan,"July 2, 2017",2001,TV-Y7,112 min,"Docuseries, Sports Movies, Anime",A story about war set in Japan.
s234,TV Show,A Shadow,,"John Silva, Aiko Brown, Raj Kowalski",France,"December 6, 2019",2017,PG,6 Season,Docuseries,A story about survival set in France.
s235,TV Show,Broken Shadow,,"Fatima Garcia, Tom Brown, Carlos Khan",Spain,"October 16, 2018",2006,TV-14,7 Season,"Action & Adventure, Stand-Up Comedy, Romantic Movies",A story about friendship set in Spain.
s236,Movie,Rising Kingdom,Priya Sharma,"Yusuf Novak, John Ahmed",Italy,"July 24, 2021",2013,TV-Y7,135 min,Thrillers,A story about survival set in Italy.
s237,Movie,Endless Horizon,Emily Carter,"Carlos Dubois, Tom Novak, Omar Khan, Liam Kim, Aiko Muller",Spain,"July 19, 2016",2004,TV-Y,147 min,"Horror Movies, Reality TV, Sports Movies",A story about war set in Spain.
s238,TV Show,Rising Legacy,,"Raj Silva, Tom Patel, Wei Novak, Raj Chen",Germany,"November 22, 2020",2017,PG,6 Season,"Docuseries, Horror Movies",A story about identity set in Germany.
s239,Movie,Rising Dream,David Okafor,"Yusuf Garcia, John Kim",United Kingdom,"August 20, 2015",2001,R,104 min,Horror Movies,A story about family set in United Kingdom.
s240,Movie,The Dream,Sofia Alvarez,"Aiko Brown, Nina Garcia",Australia,"July 9, 2021",2021,NR,180 min,Stand-Up Comedy,A story about ambition set in Australia.
s241,Movie,Midnight Journey,David Okafor,"Carlos Kowalski, Raj Silva, Yusuf Smith, John Novak, Liam Khan",Australia,"July 12, 2017",2014,PG,166 min,"Kids TV, Stand-Up Comedy, Sports Movies",A story about ambition set in Australia.
s242,Movie,Last Shadow,Marcus Lee,"Grace Ahmed, Maria Kim, John Kim",France,"June 26, 2018",2017,TV-PG,90 min,"Crime TV Shows, Dramas, Thrillers",A story about friendship set in France.
s243,TV Show,Last Journey (Season 3),,"Omar Lee, Raj Dubois",Egypt,"March 19, 2021",2021,TV-Y7,7 Seasons,"Documentaries, Stand-Up Comedy",A story about war set in Egypt.
s244,Movie,Last Code,Alicia Wren,"Carlos Ahmed, Yusuf Kim, Maria Silva",Canada,"September 21, 2018",2006,PG,116 min,"Kids TV, Stand-Up Comedy",A story about friendship set in Canada.
s245,TV Show,The Shadow,,"Fatima Lee, Raj Dubois, Tom Dubois, Fatima Smith, Raj Lee",Japan,"April 9, 2016",2012,TV-Y,3 Seasons,"Dramas, Sci-Fi & Fantasy",A story about war set in Japan.
s246,Movie,Rising Heart,Priya Sharma,"Liam Lee, Raj Khan",Japan,"December 3, 2016",2016,TV-14,91 min,"Dramas, Anime, Comedies",A story about ambition set in Japan.
s247,Movie,Secret City,Alicia Wren,"Yusuf Brown, Grace Lee, Grace Kowalski",South Korea,"March 14, 2020",2020,TV-PG,73 min,"Anime, Dramas",A story about betrayal set in South Korea.
s248,Movie,Last Dream,Hugo Fischer,"Elena Brown, Fatima Lee",France,"May 9, 2019",2013,TV-Y7,150 min,"Reality TV, Thrillers",A story about love set in France.
s249,Movie,A Code,Rajiv Menon,"Omar Novak, Elena Smith",Mexico,"January 5, 2019",2002,NR,83 min,"Horror Movies, Docuseries",A story about betrayal set in Mexico.
s250,Movie,Silent City,David Okafor,"Nina Chen, Yusuf Khan",United Kingdom,"February 13, 2021",2012,PG-13,151 min,Horror Movies,A story about war set in United Kingdom.
s251,TV Show,The Code,,"Maria Smith, John Dubois, Elena Kim",Germany,"June 24, 2017",2017,PG-13,2 Seasons,"Sports Movies, Action & Adventure, Kids TV",A story about survival set in Germany.
s252,Movie,Secret Horizon,Kenji Watanabe,"Maria Chen, Raj Kowalski, Elena Brown",United States,"August 3, 2019",2017,NR,79 min,"Documentaries, International Movies",A story about betrayal set in United States.
s253,Movie,Endless Heart,Emily Carter,"Wei Patel, Raj Khan, Maria Muller, Elena Garcia",Italy,"July 25, 2018",2006,TV-Y7,127 min,"Horror Movies, Sports Movies",A story about survival set in Italy.
s254,Movie,Golden Storm,David Okafor,"John Silva, Fatima Kowalski, Fatima Novak",Mexico,"March 22, 2021",2020,PG-13,177 min,"International Movies, Anime",A story about war set in Mexico.
s255,TV Show,Silent Heart,,"Nina Ahmed, Maria Chen, Raj Dubois, Maria Brown",France,"January 15, 2021",2004,R,3 Seasons,"Documentaries, Sports Movies, Comedies",A story about love set in France.
s256,TV Show,The Horizon,,"Tom Smith, Yusuf Muller, Yusuf Lee",Germany,"August 31, 2016",2015,PG,4 Season,"Horror Movies, Documentaries, Romantic Movies",A story about betrayal set in Germany.
s257,Movie,Rising Journey,Sofia Alvarez,"Omar Ahmed, Wei Rossi, Wei Chen",Australia,"October 27, 2018",2018,TV-Y7,115 min,Romantic Movies,A story about friendship set in Australia.
s258,Movie,Midnight Storm,Sofia Alvarez,"Raj Khan, Yusuf Lee",Nigeria,"May 9, 2019",2011,TV-Y7,128 min,Comedies,A story about war set in Nigeria.
s259,Movie,Rising Dream,Kenji Watanabe,"Carlos Patel, Carlos Silva, Elena Patel",Italy,"October 17, 2020",2002,PG-13,118 min,Stand-Up Comedy,A story about war set in Italy.
s260,TV Show,Golden Heart,,"Yusuf Lee, Wei Rossi",United Kingdom,"November 12, 2015",2007,NR,6 Season,Thrillers,A story about survival set in United Kingdom.
s261,Movie,A Legacy,David Okafor,"Grace Garcia, Nina Patel, Nina Rossi, Fatima Dubois",United Kingdom,"February 24, 2021",2020,TV-MA,101 min,International Movies,A story about survival set in United Kingdom.
s262,Movie,Rising Journey,Not Given,"John Chen, Liam Lee, Wei Ahmed",South Korea,"July 31, 2020",2019,TV-MA,162 min,"Horror Movies, Comedies, Action & Adventure",A story about friendship set in South Korea.
s263,Movie,Silent Heart,Marcus Lee,"Sara Kim, Elena Chen, Omar Dubois",Egypt,"September 23, 2020",2005,PG-13,91 min,"Anime, Sci-Fi & Fantasy, Romantic Movies",A story about betrayal set in Egypt.
s264,Movie,Broken Kingdom,Alicia Wren,"Fatima Ahmed, Sara Lee",Germany,"April 18, 2021",2021,TV-PG,147 min,Thrillers,A story about friendship set in Germany.
s265,TV Show,Endless Journey,,"Maria Rossi, Raj Chen",Italy,"July 6, 2020",2019,TV-MA,7 Seasons,"Reality TV, Thrillers",A story about love set in Italy.
s266,TV Show,Broken Legacy,,"Omar Kowalski, Carlos Silva, Elena Kowalski, Grace Lee, Omar Brown",Mexico,"July 20, 2018",2018,TV-Y,2 Season,Documentaries,A story about family set in Mexico.
s267,Movie,Rising City,Kenji Watanabe,"John Novak, Grace Kowalski, John Dubois",Germany,"October 29, 2020",2003,TV-MA,118 min,"Kids TV, Sports Movies, Stand-Up Comedy",A story about war set in Germany.
s268,Movie,A Kingdom,David Okafor,"Liam Brown, Yusuf Kim, Elena Silva, Elena Muller",Brazil,"April 14, 2017",2012,TV-Y,140 min,"Docuseries, Documentaries, Thrillers",A story about friendship set in Brazil.
s269,Movie,Midnight Horizon,Emily Carter,"Grace Chen, Sara Brown, Raj Garcia, Grace Khan, Nina Kowalski",Mexico,"February 15, 2016",2005,R,135 min,"Anime, Stand-Up Comedy",A story about love set in Mexico.
s270,Movie,The Shadow,Marcus Lee,"Tom Dubois, Carlos Garcia, Maria Muller, Fatima Silva, Maria Dubois",United States,"June 30, 2019",2012,G,153 min,"Horror Movies, Sports Movies, Docuseries",A story about love set in United States.
s271,TV Show,Last Heart,,"Sara Patel, Tom Kowalski, Yusuf Muller",Canada,"September 22, 2020",2001,NR,6 Season,Comedies,A story about war set in Canada.
s272,Movie,The Kingdom,Alicia Wren,"Omar Kim, Aiko Patel, Carlos Kim, Elena Khan",Germany,"October 9, 2015",2000,TV-14,140 min,"Sports Movies, Thrillers",A story about family set in Germany.
s273,Movie,Secret Heart,David Okafor,"Liam Chen, Carlos Ahmed",India,"May 29, 2017",2017,NR,107 min,"Action & Adventure, Stand-Up Comedy",A story about family set in India.
s274,TV Show,Endless Dream,,"Elena Rossi, Omar Khan, Omar Silva, Omar Rossi, Raj Rossi",Italy,"February 26, 2018",2018,TV-Y7,1 Season,"Romantic Movies, Anime",A story about ambition set in Italy.
s275,TV Show,Broken Storm,,"Grace Brown, Liam Khan",France,"June 23, 2019",2002,PG,1 Seasons,Docuseries,A story about war set in France.
s276,Movie,Endless Dream,Marcus Lee,"Nina Novak, Fatima Khan, Grace Khan",Egypt,"April 26, 2017",2008,R,95 min,Sports Movies,A story about survival set in Egypt.
s277,TV Show,A Shadow,,"Elena Smith, Omar Brown, Yusuf Smith, Sara Rossi, Aiko Dubois",Japan,"June 11, 2021",2015,PG-13,4 Season,"Crime TV Shows, Kids TV, Action & Adventure",A story about survival set in Japan.
s278,Movie,Broken Heart,Hugo Fischer,"Yusuf Silva, Carlos Brown",Brazil,"February 16, 2020",2005,TV-14,159 min,"Sci-Fi & Fantasy, Thrillers, Sports Movies",A story about love set in Brazil.
s279,Movie,Secret City,Not Given,"Aiko Silva, Elena Brown",France,"February 24, 2021",2005,PG-13,100 min,"Docuseries, Horror Movies",A story about war set in France.
s280,Movie,Silent City,Sofia Alvarez,"Grace Kowalski, Aiko Silva, Sara Kim, Liam Rossi, Wei Dubois",United Kingdom,"April 14, 2019",2018,TV-14,162 min,"Romantic Movies, Crime TV Shows",A story about identity set in United Kingdom.
s281,TV Show,Secret Kingdom,,"Nina Kowalski, John Chen, Carlos Rossi",United Kingdom,"June 13, 2021",2020,NR,6 Season,"Horror Movies, International Movies",A story about love set in United Kingdom.
s282,Movie,Last Journey,Sofia Alvarez,"Nina Brown, Raj Garcia, Nina Novak, Aiko Muller",Japan,"April 14, 2021",2011,NR,173 min,"Sports Movies, Dramas",A story about identity set in Japan.
s283,Movie,Endless Legacy,Not Given,"Omar Muller, Aiko Silva, Raj Ahmed",Spain,"November 18, 2015",2014,TV-Y,148 min,"Sci-Fi & Fantasy, Anime",A story about survival set in Spain.
s284,TV Show,Golden City,,"Sara Lee, Maria Garcia, Wei Silva, Fatima Silva, Aiko Patel",France,"June 8, 2019",2008,PG-13,4 Seasons,"Sci-Fi & Fantasy, Kids TV",A story about survival set in France.
s285,Movie,The Kingdom,Sofia Alvarez,"Grace Novak, Grace Garcia, Fatima Chen, Carlos Garcia",India,"April 22, 2020",2002,NR,76 min,Stand-Up Comedy,A story about betrayal set in India.
s286,Movie,Endless Kingdom,Alicia Wren,"Liam Khan, Fatima Novak, Liam Rossi, Raj Chen, Wei Ahmed",Egypt,"April 28, 2015",2005,TV-MA,154 min,"Anime, Reality TV",A story about friendship set in Egypt.
s287,Movie,Rising Dream,Hugo Fischer,"Wei Novak, Yusuf Chen, Elena Dubois, Nina Patel, Grace Patel",Italy,"June 9, 2020",2018,NR,151 min,"Horror Movies, Sci-Fi & Fantasy, Thrillers",A story about friendship set in Italy.
s288,Movie,A Heart,Kenji Watanabe,"Carlos Muller, Wei Muller, John Smith, Yusuf Brown",Nigeria,"November 9, 2018",2004,PG-13,130 min,"Dramas, Sports Movies, Romantic Movies",A story about friendship set in Nigeria.
s289,Movie,Broken Dream,Not Given,"Omar Smith, Yusuf Silva, Fatima Kim",Italy,"June 15, 2019",2017,TV-Y,101 min,Stand-Up Comedy,A story about identity set in Italy.
s290,Movie,A City,Sofia Alvarez,"Liam Patel, Grace Ahmed, Omar Muller, Carlos Khan",Egypt,"January 17, 2017",2002,TV-PG,107 min,Sci-Fi & Fantasy,A story about friendship set in Egypt.
s291,Movie,Endless Heart,Sofia Alvarez,"John Chen, John Ahmed, John Chen, Maria Muller",France,"December 1, 2019",2004,TV-MA,99 min,International Movies,A story about love set in France.
s292,Movie,Golden City,Kenji Watanabe,"Aiko Rossi, Grace Kowalski, John Silva, Maria Brown, Omar Chen",United States,"May 27, 2019",2008,TV-14,139 min,"Thrillers, Action & Adventure",A story about family set in United States.
s293,TV Show,The Shadow,,"Carlos Kowalski, Nina Khan, Grace Smith",Canada,"January 20, 2016",2014,NR,6 Seasons,"Stand-Up Comedy, Anime",A story about family set in Canada.
s294,TV Show,Last Journey,,"Liam Rossi, Raj Muller",Canada,"August 2, 2015",2011,R,1 Season,"Anime, Dramas",A story about survival set in Canada.
s295,TV Show,Endless Shadow,,"John Smith, Elena Kowalski, Grace Rossi",Mexico,"June 8, 2019",2019,PG,7 Season,Docuseries,A story about betrayal set in Mexico.
s296,TV Show,Golden Journey (Season 2),,"Wei Rossi, Fatima Silva",Germany,"December 21, 2020",2020,TV-Y7,6 Season,"Stand-Up Comedy, Thrillers, Sports Movies",A story about survival set in Germany.
s297,Movie,The Heart,Priya Sharma,"Yusuf Novak, Nina Khan, Elena Chen, Yusuf Silva",Japan,"February 1, 2018",2014,G,180 min,"Thrillers, Comedies, Crime TV Shows",A story about survival set in Japan.
s298,Movie,Midnight Code,Emily Carter,"John Kowalski, Raj Ahmed, Carlos Novak, Wei Lee, John Dubois",Egypt,"September 5, 2017",2011,PG,162 min,Stand-Up Comedy,A story about ambition set in Egypt.
s299,Movie,Silent Code,Marcus Lee,"Aiko Kim, Raj Silva, Maria Garcia, Yusuf Patel",India,"June 15, 2016",2001,TV-PG,74 min,Action & Adventure,A story about friendship set in India.
s300,Movie,The Horizon,David Okafor,"Yusuf Dubois, Grace Dubois, Liam Smith, Aiko Khan, Elena Novak",India,"May 4, 2017",2000,TV-Y7,176 min,Sci-Fi & Fantasy,A story about love set in India.
s301,Movie,Broken Storm,Rajiv Menon,"Yusuf Smith, Grace Garcia, Sara Muller, Maria Khan",Germany,"February 19, 2016",2003,R,138 min,"Kids TV, Action & Adventure",A story about ambition set in Germany.
s302,Movie,Last Code,Hugo Fischer,"Grace Garcia, Omar Patel, Elena Silva, Raj Rossi, Grace Patel",South Korea,"November 14, 2016",2003,TV-PG,140 min,"Anime, Docuseries",A story about survival set in South Korea.
s303,Movie,Endless Heart,Emily Carter,"Yusuf Silva, Sara Silva, Carlos Kowalski, Raj Kim",Egypt,"September 12, 2017",2010,G,139 min,Stand-Up Comedy,A story about family set in Egypt.
s304,Movie,Silent Heart,David Okafor,"Grace Smith, Liam Dubois",United States,"July 7, 2017",2016,PG-13,70 min,"Romantic Movies, Action & Adventure",A story about war set in United States.
s305,Movie,Midnight Code,Hugo Fischer,"Maria Smith, Nina Silva, Wei Chen",France,"July 12, 2021",2011,R,99 min,"Horror Movies, Comedies",A story about identity set in France.
s306,Movie,Secret Shadow,Emily Carter,"Wei Rossi, Sara Lee, Grace Novak, Elena Brown, Tom Garcia",Australia,"November 3, 2020",2020,TV-MA,163 min,"Stand-Up Comedy, Comedies, Docuseries",A story about love set in Australia.
s307,TV Show,Golden Storm,,"Carlos Lee, Sara Garcia, Sara Kowalski, Fatima Novak, Raj Brown",Australia,"April 16, 2019",2000,TV-MA,3 Seasons,"International Movies, Thrillers",A story about ambition set in Australia.
s308,Movie,Broken Heart,Not Given,"Fatima Kim, Liam Kowalski",South Korea,"June 25, 2016",2004,PG,80 min,"Comedies, Crime TV Shows",A story about identity set in South Korea.
s309,Movie,Broken Code,David Okafor,"Omar Chen, Nina Ahmed, Fatima Rossi",South Korea,"August 8, 2021",2020,R,141 min,"Romantic Movies, Action & Adventure, Comedies",A story about family set in South Korea.
s310,TV Show,Golden Horizon (Season 4),,"Aiko Silva, Fatima Silva, Aiko Dubois, Raj Smith, Omar Muller",United Kingdom,"December 17, 2019",2011,G,2 Season,Kids TV,A story about war set in United Kingdom.
s311,Movie,A Shadow,Rajiv Menon,"Elena Lee, Wei Brown, Sara Brown",France,"November 7, 2018",2000,TV-14,109 min,"Docuseries, Dramas",A story about war set in France.
s312,Movie,Rising Legacy,Sofia Alvarez,"Yusuf Rossi, Elena Novak, Wei Novak, Grace Patel",United States,"July 15, 2021",2012,NR,75 min,"Thrillers, Dramas",A story about family set in United States.
s313,Movie,Endless Dream,Rajiv Menon,"Raj Smith, Maria Kim, Raj Muller, Raj Brown, Tom Patel",Japan,"March 20, 2015",2003,PG-13,153 min,"Romantic Movies, Kids TV",A story about betrayal set in Japan.
s314,TV Show,Silent Horizon,,"Fatima Ahmed, Nina Ahmed, Tom Novak",United States,"October 10, 2017",2001,NR,3 Season,"Thrillers, Dramas",A story about war set in United States.
s315,TV Show,Golden Dream,,"Omar Smith, Raj Muller, Tom Kim, Tom Brown",United States,"July 28, 2018",2017,R,2 Season,"International Movies, Comedies",A story about identity set in United States.
s316,Movie,Endless Legacy,David Okafor,"Elena Chen, Carlos Muller, Tom Dubois",Japan,"January 29, 2021",2014,TV-PG,96 min,"International Movies, Horror Movies, Crime TV Shows",A story about ambition set in Japan.
s317,TV Show,Midnight Code,,"Tom Kowalski, Wei Patel, Tom Dubois, Tom Chen, Aiko Garcia",Germany,"January 13, 2021",2017,TV-14,2 Season,Dramas,A story about war set in Germany.
s318,TV Show,Broken City,,"Wei Kowalski, Fatima Garcia, Wei Chen, John Kowalski",Australia,"October 1, 2019",2019,G,5 Seasons,"Romantic Movies, Action & Adventure, Anime",A story about love set in Australia.
s319,Movie,Silent Kingdom,Hugo Fischer,"Grace Patel, Aiko Chen, Sara Kim, Nina Rossi, Wei Chen",Canada,"May 13, 2015",2007,TV-Y,167 min,Crime TV Shows,A story about identity set in Canada.
s320,Movie,Secret Legacy,Alicia Wren,"Tom Rossi, Sara Dubois, Nina Novak",Japan,"October 7, 2017",2014,TV-Y,121 min,Stand-Up Comedy,A story about war set in Japan.
s321,Movie,Endless Horizon,Hugo Fischer,"Yusuf Garcia, Nina Rossi",Egypt,"October 3, 2017",2001,NR,138 min,"Comedies, Crime TV Shows",A story about identity set in Egypt.
s322,Movie,The Legacy,Kenji Watanabe,"Carlos Lee, Liam Kowalski, Sara Muller, Nina Chen, Carlos Muller",Australia,"October 18, 2020",2001,TV-PG,129 min,"Sci-Fi & Fantasy, Comedies, Sports Movies",A story about betrayal set in Australia.
s323,Movie,Endless Code,Marcus Lee,"Carlos Silva, Nina Smith, Wei Rossi, Elena Lee, Grace Lee",Canada,"January 5, 2016",2014,PG-13,111 min,"Thrillers, Sports Movies, Sci-Fi & Fantasy",A story about betrayal set in Canada.
s324,Movie,Silent Storm,Alicia Wren,"Grace Kowalski, Yusuf Dubois, Wei Kim, Yusuf Kim, John Kowalski",United Kingdom,"May 5, 2021",2010,TV-PG,90 min,Thrillers,A story about love set in United Kingdom.
s325,Movie,Midnight Heart,Kenji Watanabe,"Maria Lee, Wei Khan, John Dubois",Nigeria,"February 20, 2015",2008,TV-Y7,133 min,"Dramas, Horror Movies",A story about friendship set in Nigeria.
s326,Movie,Endless Heart,Priya Sharma,"Nina Garcia, Elena Dubois, John Khan, Tom Ahmed, Liam Dubois",Brazil,"August 7, 2021",2017,R,76 min,International Movies,A story about love set in Brazil.
s327,Movie,The Kingdom,Rajiv Menon,"Aiko Lee, Maria Smith, Maria Kim, Wei Chen",Brazil,"June 2, 2021",2009,NR,92 min,"Sports Movies, Sci-Fi & Fantasy",A story about love set in Brazil.
s328,Movie,Midnight Storm,Emily Carter,"Sara Garcia, Omar Kim, Sara Ahmed, Maria Muller, Nina Chen",India,"September 10, 2018",2008,NR,122 min,"Kids TV, Sports Movies, Action & Adventure",A story about love set in India.
s329,Movie,Rising Shadow,Priya Sharma,"Carlos Dubois, Sara Silva, Liam Ahmed, Elena Dubois",Japan,"April 23, 2021",2004,TV-Y7,136 min,"Docuseries, Romantic Movies, Stand-Up Comedy",A story about survival set in Japan.
s330,TV Show,Secret Dream,,"Maria Smith, Nina Patel",Nigeria,"April 29, 2017",2003,G,4 Season,"Sports Movies, Crime TV Shows",A story about ambition set in Nigeria.
s331,Movie,Secret Dream,Kenji Watanabe,"Liam Muller, Yusuf Ahmed",Japan,"April 11, 2016",2000,PG,113 min,"Dramas, Reality TV",A story about survival set in Japan.
s332,Movie,Golden Heart,Priya Sharma,"Raj Chen, Nina Chen",Brazil,"January 8, 2021",2014,PG,129 min,"Comedies, Reality TV",A story about family set in Brazil.
s333,Movie,Golden Code,Hugo Fischer,"Fatima Dubois, Raj Silva",Nigeria,"September 29, 2015",2011,TV-PG,105 min,Anime,A story about identity set in Nigeria.
s334,Movie,Last Horizon,Not Given,"Wei Dubois, Maria Brown, Omar Kowalski, Liam Novak, Sara Silva",Mexico,"January 17, 2018",2001,TV-Y,81 min,"Romantic Movies, Thrillers",A story about friendship set in Mexico.
s335,TV Show,Midnight Legacy,,"Maria Silva, Omar Smith, Omar Khan",Italy,"December 23, 2019",2002,NR,1 Seasons,"International Movies, Action & Adventure, Thrillers",A story about friendship set in Italy.
s336,TV Show,Rising Dream,,"Omar Brown, Maria Brown, Yusuf Patel",United Kingdom,"May 30, 2015",2006,TV-Y7,4 Seasons,"Action & Adventure, Dramas, International Movies",A story about love set in United Kingdom.
s337,TV Show,Endless Shadow,,"Maria Ahmed, Omar Patel",Mexico,"April 3, 2015",2009,G,7 Season,Anime,A story about ambition set in Mexico.
s338,Movie,Midnight Code,Emily Carter,"Raj Garcia, Liam Chen, Wei Muller, Maria Smith, Elena Ahmed",Germany,"April 26, 2017",2003,NR,114 min,"Anime, International Movies, Documentaries",A story about family set in Germany.
s339,Movie,Last Shadow,Kenji Watanabe,"Yusuf Rossi, John Chen, John Rossi, Tom Patel",United States,"April 21, 2019",2003,TV-MA,81 min,"Stand-Up Comedy, Documentaries",A story about friendship set in United States.
s340,Movie,Midnight Storm,Sofia Alvarez,"Tom Kowalski, Omar Rossi",Australia,"January 16, 2016",2004,TV-Y7,82 min,"Horror Movies, Anime",A story about friendship set in Australia.
s341,Movie,Secret Kingdom,Not Given,"Tom Silva, Carlos Chen, Grace Lee, Raj Silva",Nigeria,"January 31, 2020",2010,TV-Y7,73 min,Docuseries,A story about betrayal set in Nigeria.
s342,Movie,Silent Kingdom,Kenji Watanabe,"Elena Dubois, Wei Ahmed, Maria Kim, Sara Novak",Nigeria,"August 27, 2018",2003,NR,153 min,Horror Movies,A story about friendship set in Nigeria.
s343,Movie,Broken Legacy,Not Given,"Yusuf Chen, Nina Kim, Maria Silva",Canada,"June 1, 2020",2018,TV-Y,142 min,"Romantic Movies, Documentaries",A story about betrayal set in Canada.
s344,TV Show,Endless Heart (Season 4),,"Yusuf Garcia, Sara Rossi, Wei Muller, Carlos Garcia",Australia,"April 2, 2019",2003,PG,4 Seasons,Documentaries,A story about ambition set in Australia.
s345,TV Show,Endless Journey,,"Nina Ahmed, Liam Kim, Elena Dubois",Spain,"April 22, 2017",2006,PG,3 Seasons,"Horror Movies, Sci-Fi & Fantasy, Kids TV",A story about war set in Spain.
s346,TV Show,Endless Journey,,"Sara Chen, Sara Muller, John Silva, Tom Ahmed, John Smith",Mexico,"August 8, 2021",2017,PG,1 Seasons,Romantic Movies,A story about identity set in Mexico.
s347,TV Show,Broken Storm,,"Carlos Kim, Yusuf Khan, Raj Chen, Nina Chen, Fatima Ahmed",South Korea,"September 5, 2019",2011,TV-PG,3 Seasons,"International Movies, Documentaries, Dramas",A story about betrayal set in South Korea.
s348,Movie,Last Heart,David Okafor,"Maria Chen, Raj Kowalski, Carlos Brown",Spain,"August 10, 2021",2019,TV-Y,149 min,Sci-Fi & Fantasy,A story about identity set in Spain.
s349,Movie,Silent City,Emily Carter,"Wei Kim, Elena Smith, Elena Rossi",Egypt,"August 17, 2020",2007,PG-13,122 min,"Sports Movies, Dramas, Sci-Fi & Fantasy",A story about friendship set in Egypt.
s350,TV Show,A Horizon,,"Wei Novak, Grace Ahmed",Egypt,"March 19, 2020",2008,NR,1 Seasons,"Documentaries, Action & Adventure, Romantic Movies",A story about betrayal set in Egypt.
s351,TV Show,Rising Horizon,,"Tom Silva, Yusuf Kowalski",United States,"February 3, 2020",2015,NR,4 Seasons,"Reality TV, Thrillers",A story about family set in United States.
s352,Movie,The Horizon,Kenji Watanabe,"John Patel, Nina Dubois, Wei Dubois, John Patel",France,"January 28, 2019",2019,PG-13,132 min,International Movies,A story about betrayal set in France.
s353,TV Show,Midnight Dream (Season 3),,"Sara Muller, John Novak, Maria Dubois, Wei Lee",Australia,"January 4, 2020",2004,PG,7 Season,"Romantic Movies, Docuseries, Documentaries",A story about love set in Australia.
s354,Movie,A Kingdom,Not Given,"Sara Rossi, Omar Kim, Omar Kim",Canada,"April 23, 2021",2021,TV-PG,96 min,"Sports Movies, Dramas, Anime",A story about family set in Canada.
s355,TV Show,A Journey (Season 4),,"Liam Rossi, Grace Kowalski, Tom Ahmed, Fatima Kim, Raj Novak",South Korea,"December 11, 2017",2015,TV-PG,5 Seasons,Horror Movies,A story about friendship set in South Korea.
s356,Movie,Golden Code,Rajiv Menon,"Tom Ahmed, Raj Silva",Egypt,"January 21, 2018",2013,PG,104 min,"Action & Adventure, International Movies",A story about identity set in Egypt.
s357,Movie,Secret Horizon,Sofia Alvarez,"Raj Novak, Wei Silva, Yusuf Smith, Raj Smith",Egypt,"February 18, 2015",2002,TV-Y,82 min,"Action & Adventure, Anime, Romantic Movies",A story about war set in Egypt.
s358,Movie,Midnight Dream,Sofia Alvarez,"John Dubois, Maria Smith",Australia,"August 17, 2021",2021,R,146 min,"Action & Adventure, Sports Movies, Comedies",A story about betrayal set in Australia.
s359,TV Show,Last City,,"Tom Garcia, Grace Chen, Liam Muller",Spain,"August 28, 2021",2021,TV-14,6 Season,"Reality TV, Sports Movies",A story about war set in Spain.
s360,Movie,A Dream,Rajiv Menon,"Carlos Silva, John Muller, Sara Muller, Wei Rossi, Maria Rossi",Italy,"May 28, 2019",2006,TV-PG,152 min,"Action & Adventure, Documentaries",A story about identity set in Italy.
s361,Movie,A Heart,Kenji Watanabe,"John Garcia, Maria Dubois",Mexico,"January 1, 2020",2008,TV-MA,133 min,Dramas,A story about love set in Mexico.
s362,Movie,Midnight Kingdom,Emily Carter,"Elena Smith, Yusuf Novak, Omar Rossi, Nina Kim, Carlos Brown",Mexico,"January 21, 2021",2002,R,70 min,"Docuseries, Comedies",A story about war set in Mexico.
s363,Movie,Midnight City,Rajiv Menon,"Aiko Ahmed, Sara Silva",India,"April 2, 2018",2014,R,92 min,"Comedies, Kids TV, Anime",A story about ambition set in India.
s364,Movie,Broken Shadow,Emily Carter,"Maria Lee, Raj Rossi, Grace Khan, Wei Smith, Fatima Smith",Mexico,"May 4, 2019",2018,TV-Y7,119 min,Horror Movies,A story about friendship set in Mexico.
s365,Movie,Silent Journey,Rajiv Menon,"John Silva, Omar Novak, John Kim, Maria Khan",Nigeria,"June 19, 2021",2020,TV-Y7,156 min,"International Movies, Sports Movies, Horror Movies",A story about ambition set in Nigeria.
s366,TV Show,The Kingdom,,"Nina Lee, Tom Dubois",United States,"June 18, 2016",2007,TV-MA,2 Seasons,"Action & Adventure, Romantic Movies",A story about survival set in United States.
s367,TV Show,A Shadow (Season 2),,"Omar Khan, Carlos Silva",Nigeria,"April 13, 2021",2021,PG,1 Seasons,"International Movies, Thrillers, Reality TV",A story about ambition set in Nigeria.
s368,TV Show,Endless Kingdom,,"Liam Chen, Omar Kim",United Kingdom,"March 16, 2021",2011,TV-PG,4 Season,"Comedies, Documentaries, Docuseries",A story about identity set in United Kingdom.
s369,TV Show,The Heart (Season 1),,"Tom Garcia, Grace Patel, Elena Lee",France,"May 3, 2020",2013,TV-PG,2 Season,"Sci-Fi & Fantasy, Kids TV",A story about ambition set in France.
s370,TV Show,Endless Journey,,"Elena Garcia, Raj Brown, Omar Muller, Aiko Kim, John Ahmed",Canada,"April 26, 2016",2006,NR,1 Seasons,"Romantic Movies, Docuseries, Stand-Up Comedy",A story about ambition set in Canada.
s371,Movie,Secret Shadow,Marcus Lee,"Nina Chen, Wei Patel, Tom Smith, John Patel, Aiko Muller",Canada,"October 26, 2017",2013,PG,148 min,"Comedies, Docuseries",A story about love set in Canada.
s372,TV Show,Last Kingdom,,"Yusuf Garcia, Maria Lee, Fatima Novak, Nina Dubois, Elena Silva",South Korea,"August 27, 2018",2006,R,7 Season,Action & Adventure,A story about ambition set in South Korea.
s373,TV Show,Secret City,,"Nina Dubois, Nina Smith",Italy,"August 16, 2016",2013,R,5 Season,"Sports Movies, Documentaries",A story about friendship set in Italy.
s374,TV Show,Golden Dream,,"John Novak, Elena Smith, Liam Chen",India,"February 22, 2020",2014,TV-Y,2 Seasons,Horror Movies,A story about survival set in India.
s375,TV Show,Endless Kingdom,,"Maria Kim, Sara Ahmed, Nina Brown",Canada,"August 27, 2020",2018,TV-Y7,3 Season,"Romantic Movies, Action & Adventure",A story about war set in Canada.
s376,Movie,Secret Horizon,Marcus Lee,"Carlos Smith, John Rossi",Mexico,"May 17, 2016",2016,TV-Y,137 min,"Docuseries, Stand-Up Comedy",A story about betrayal set in Mexico.
s377,Movie,Secret Shadow,Hugo Fischer,"Grace Novak, Carlos Khan",United Kingdom,"April 26, 2018",2011,R,152 min,Dramas,A story about friendship set in United Kingdom.
s378,Movie,Last Heart,Not Given,"Nina Rossi, Omar Chen",Egypt,"January 27, 2017",2012,PG,150 min,"Dramas, Reality TV",A story about betrayal set in Egypt.
s379,Movie,Golden Code,Rajiv Menon,"Carlos Kowalski, Liam Novak, Elena Ahmed, Elena Kowalski",Canada,"January 21, 2021",2021,G,112 min,"Comedies, Crime TV Shows, Anime",A story about war set in Canada.
s380,TV Show,A City,,"Aiko Silva, Wei Patel",Germany,"April 15, 2021",2002,R,2 Seasons,Action & Adventure,A story about friendship set in Germany.
s381,TV Show,Endless Legacy,,"Aiko Silva, Tom Muller, Yusuf Patel",South Korea,"August 12, 2015",2008,TV-14,3 Season,"Action & Adventure, Romantic Movies",A story about family set in South Korea.
s382,Movie,Golden Shadow,Sofia Alvarez,"Maria Garcia, Carlos Lee, Wei Muller, Maria Garcia, Wei Muller",India,"July 25, 2020",2004,TV-PG,96 min,"Dramas, International Movies, Kids TV",A story about survival set in India.
s383,Movie,Broken Heart,Rajiv Menon,"Fatima Garcia, John Brown, Omar Khan, Sara Ahmed",Brazil,"August 14, 2019",2010,G,113 min,"Anime, Romantic Movies, Horror Movies",A story about friendship set in Brazil.
s384,Movie,Endless Kingdom,Kenji Watanabe,"Omar Muller, Fatima Rossi, Aiko Muller",Nigeria,"August 30, 2016",2001,PG,106 min,"Thrillers, Horror Movies",A story about survival set in Nigeria.
s385,TV Show,Midnight Kingdom,,"Wei Khan, Maria Smith, Aiko Dubois",United Kingdom,"December 2, 2017",2014,PG,2 Season,"Comedies, Anime, Thrillers",A story about war set in United Kingdom.
s386,Movie,Silent Code,Marcus Lee,"Maria Lee, John Kim, Tom Rossi, Omar Chen",Spain,"October 1, 2016",2010,TV-MA,164 min,"Anime, Docuseries, Sports Movies",A story about family set in Spain.
s387,Movie,Midnight Horizon,Marcus Lee,"Aiko Novak, Maria Novak, Nina Lee, John Chen, Raj Ahmed",India,"April 12, 2015",2009,TV-Y,149 min,Sci-Fi & Fantasy,A story about war set in India.
s388,Movie,The Horizon,Sofia Alvarez,"Omar Lee, Omar Muller, Fatima Smith",India,"July 2, 2019",2017,TV-14,135 min,"Kids TV, Romantic Movies",A story about war set in India.
s389,Movie,Rising Journey,Emily Carter,"Wei Novak, Sara Kim, Aiko Kim, Aiko Smith, Liam Silva",Japan,"December 31, 2019",2009,NR,81 min,Sci-Fi & Fantasy,A story about identity set in Japan.
s390,TV Show,Midnight Kingdom,,"Grace Lee, Carlos Chen, Sara Dubois, Elena Garcia, Wei Khan",France,"November 21, 2020",2015,PG,1 Seasons,"Stand-Up Comedy, Comedies, Dramas",A story about identity set in France.
s391,Movie,Midnight City,Marcus Lee,"Grace Dubois, Omar Lee, Wei Khan, Wei Brown, Carlos Muller",Germany,"June 22, 2015",2015,PG-13,176 min,"Horror Movies, Romantic Movies, Crime TV Shows",A story about friendship set in Germany.
s392,Movie,The Kingdom,Kenji Watanabe,"Raj Brown, Raj Rossi, Maria Patel, Raj Lee",France,"January 4, 2017",2013,TV-Y7,158 min,"Romantic Movies, Dramas, Comedies",A story about family set in France.
s393,Movie,A Horizon,Emily Carter,"Elena Kim, Sara Muller, Raj Patel, Nina Novak, Sara Garcia",Japan,"March 12, 2016",2016,PG-13,90 min,"Comedies, Documentaries, Thrillers",A story about friendship set in Japan.
s394,TV Show,Last Storm (Season 3),,"Carlos Patel, Tom Silva, John Muller, Liam Ahmed",Brazil,"October 5, 2020",2002,R,7 Seasons,Thrillers,A story about war set in Brazil.
s395,TV Show,Midnight Dream,,"Maria Ahmed, Elena Silva, Sara Chen, John Chen",Germany,"March 8, 2019",2009,TV-Y7,4 Season,Action & Adventure,A story about ambition set in Germany.
s396,Movie,Secret Legacy,Hugo Fischer,"Carlos Rossi, Tom Garcia",India,"March 13, 2015",2004,TV-Y7,114 min,"Sports Movies, Documentaries",A story about friendship set in India.
s397,TV Show,Endless Code,,"Wei Novak, Liam Smith, Grace Brown, Maria Khan",United Kingdom,"July 17, 2017",2004,PG-13,2 Season,Reality TV,A story about betrayal set in United Kingdom.
s398,Movie,Silent City,Rajiv Menon,"Maria Smith, Omar Patel, Yusuf Dubois",United States,"May 2, 2016",2015,PG-13,75 min,Horror Movies,A story about love set in United States.
s399,TV Show,A Horizon,,"Wei Patel, Aiko Smith, Maria Chen",Egypt,"July 2, 2021",2008,PG,3 Season,"Romantic Movies, Crime TV Shows, Horror Movies",A story about betrayal set in Egypt.
s400,Movie,Endless Journey,Hugo Fischer,"Grace Khan, Liam Chen, Tom Kowalski",Germany,"February 9, 2016",2000,R,134 min,"Docuseries, Thrillers, Sports Movies",A story about survival set in Germany.
s401,Movie,A Kingdom,Emily Carter,"Carlos Khan, Yusuf Khan, Carlos Garcia, Omar Silva, Maria Rossi",India,"July 10, 2017",2016,TV-Y7,167 min,"Horror Movies, Crime TV Shows",A story about love set in India.
s402,Movie,Silent Shadow,David Okafor,"Nina Dubois, Grace Muller, Raj Brown, Nina Khan",Germany,"April 5, 2018",2013,TV-Y,94 min,Docuseries,A story about war set in Germany.
s403,Movie,Silent Shadow,David Okafor,"Yusuf Patel, Raj Garcia, Maria Chen, Carlos Kim, Grace Dubois",India,"September 23, 2015",2005,PG,95 min,"Kids TV, Horror Movies",A story about identity set in India.
s404,Movie,Broken Heart,Kenji Watanabe,"Omar Kowalski, Omar Patel, Carlos Silva, Nina Patel",Australia,"June 7, 2020",2012,NR,105 min,Sci-Fi & Fantasy,A story about betrayal set in Australia.
s405,Movie,Silent Heart,Sofia Alvarez,"John Garcia, Grace Smith, Sara Garcia",Spain,"January 7, 2021",2021,TV-PG,118 min,"Anime, Documentaries, International Movies",A story about betrayal set in Spain.
s406,TV Show,Rising Heart,,"Liam Patel, Nina Rossi, Yusuf Muller",Germany,"January 23, 2021",2010,NR,1 Seasons,Reality TV,A story about betrayal set in Germany.
s407,Movie,Golden City,Priya Sharma,"John Smith, Wei Ahmed, Raj Brown, Omar Muller, Tom Novak",United Kingdom,"October 31, 2019",2015,TV-PG,109 min,"Stand-Up Comedy, Romantic Movies, Docuseries",A story about betrayal set in United Kingdom.
s408,Movie,Silent Code,Hugo Fischer,"Nina Ahmed, Sara Chen, Yusuf Smith, Carlos Muller, Nina Dubois",South Korea,"November 23, 2020",2019,PG,168 min,"Anime, Dramas",A story about love set in South Korea.
s409,Movie,Last Storm,Emily Carter,"Omar Lee, Raj Silva",South Korea,"October 20, 2019",2003,PG,115 min,"Sports Movies, Dramas",A story about ambition set in South Korea.
s410,Movie,Midnight Horizon,Alicia Wren,"Sara Muller, Maria Silva",United Kingdom,"January 14, 2021",2000,PG,74 min,"Reality TV, Horror Movies",A story about identity set in United Kingdom.
s411,Movie,Silent Horizon,Rajiv Menon,"Carlos Dubois, Carlos Silva, Elena Garcia, Omar Rossi",India,"February 22, 2021",2021,PG,133 min,"Anime, Documentaries, Horror Movies",A story about family set in India.
s412,Movie,Broken Legacy,Priya Sharma,"Sara Brown, Yusuf Khan",France,"July 14, 2015",2008,PG-13,143 min,"Romantic Movies, Horror Movies",A story about betrayal set in France.
s413,TV Show,Endless Shadow,,"Maria Dubois, Omar Ahmed, Nina Kim, Fatima Silva",Nigeria,"May 21, 2018",2002,NR,7 Season,"Anime, Action & Adventure, Kids TV",A story about identity set in Nigeria.
s414,Movie,Rising Heart,Hugo Fischer,"Tom Smith, Raj Novak, Yusuf Brown",United Kingdom,"October 19, 2020",2018,R,154 min,"Sci-Fi & Fantasy, International Movies, Anime",A story about identity set in United Kingdom.
s415,TV Show,The Code,,"Wei Khan, Wei Novak, Raj Kowalski, Liam Brown, Carlos Kim",Japan,"April 13, 2017",2002,TV-Y,3 Seasons,"Thrillers, International Movies, Anime",A story about ambition set in Japan.
s416,Movie,A Kingdom,Sofia Alvarez,"Fatima Kowalski, Sara Muller",Spain,"April 12, 2021",2015,TV-Y,124 min,"Comedies, Action & Adventure, Documentaries",A story about family set in Spain.
s417,Movie,Midnight Dream,Hugo Fischer,"Raj Brown, John Novak, Nina Kowalski",United States,"December 10, 2015",2001,PG,147 min,"Documentaries, Sci-Fi & Fantasy",A story about identity set in United States.
s418,TV Show,A City,,"Fatima Garcia, Elena Novak, Yusuf Lee",India,"October 28, 2018",2016,TV-Y7,1 Season,Anime,A story about war set in India.
s419,TV Show,Broken Legacy,,"Wei Garcia, Wei Khan, Liam Rossi",South Korea,"August 11, 2021",2008,TV-MA,4 Seasons,"Action & Adventure, Thrillers, Crime TV Shows",A story about identity set in South Korea.
s420,Movie,Secret Dream,Marcus Lee,"Nina Novak, Aiko Brown, Liam Smith, Raj Lee",Australia,"August 12, 2015",2001,R,102 min,"Stand-Up Comedy, International Movies, Anime",A story about war set in Australia.
s421,TV Show,A Code,,"Carlos Smith, Tom Kim, Tom Lee, Liam Muller, Maria Lee",Egypt,"May 3, 2018",2007,R,7 Seasons,"Anime, Sci-Fi & Fantasy",A story about identity set in Egypt.
s422,TV Show,Midnight Shadow,,"Nina Novak, Carlos Lee, Sara Silva, Grace Kim, Tom Lee",Egypt,"October 18, 2016",2003,PG-13,5 Season,"Anime, Romantic Movies",A story about love set in Egypt.
s423,TV Show,Last Heart,,"John Kim, Fatima Patel, Liam Silva",Australia,"March 29, 2016",2002,TV-PG,2 Seasons,"International Movies, Reality TV, Horror Movies",A story about identity set in Australia.
s424,TV Show,Golden Heart,,"Liam Chen, Raj Dubois, Sara Silva",Nigeria,"March 24, 2017",2009,TV-14,4 Season,"Stand-Up Comedy, Reality TV",A story about ambition set in Nigeria.
s425,Movie,The Code,Not Given,"Tom Garcia, Nina Khan, Liam Novak",Egypt,"July 23, 2015",2005,TV-Y,149 min,"Crime TV Shows, Documentaries",A story about betrayal set in Egypt.
s426,TV Show,Last Horizon (Season 4),,"Sara Patel, Nina Garcia, Fatima Novak, Fatima Khan, Sara Brown",Nigeria,"March 25, 2018",2008,TV-Y7,4 Season,Kids TV,A story about family set in Nigeria.
s427,TV Show,Secret City (Season 2),,"Liam Muller, Fatima Dubois",Spain,"February 23, 2019",2007,G,6 Seasons,Dramas,A story about friendship set in Spain.
s428,Movie,Golden City,Sofia Alvarez,"Grace Kim, Grace Dubois, Liam Garcia, Maria Ahmed, John Smith",Japan,"April 12, 2020",2007,PG,147 min,"Comedies, Dramas, International Movies",A story about identity set in Japan.
s429,Movie,Broken Storm,Marcus Lee,"Elena Chen, Liam Chen",Germany,"October 21, 2018",2015,TV-Y7,86 min,Anime,A story about identity set in Germany.
s430,Movie,A Storm,Rajiv Menon,"Nina Brown, Sara Muller, Grace Silva",Italy,"March 4, 2018",2013,PG-13,148 min,"Anime, Kids TV",A story about survival set in Italy.
s431,Movie,Silent Kingdom,Hugo Fischer,"John Khan, Wei Smith, Fatima Chen, John Rossi, Liam Chen",Mexico,"November 23, 2019",2014,TV-14,133 min,Sci-Fi & Fantasy,A story about war set in Mexico.
s432,TV Show,Rising Heart,,"Sara Novak, Sara Chen",India,"January 19, 2016",2011,R,7 Season,Crime TV Shows,A story about ambition set in India.
s433,Movie,The Code,Not Given,"Carlos Lee, Maria Khan, Omar Rossi",Brazil,"September 8, 2018",2003,TV-MA,106 min,"Action & Adventure, Kids TV, Thrillers",A story about betrayal set in Brazil.
s434,TV Show,Last Journey (Season 4),,"Raj Muller, Elena Patel, John Silva, John Patel, Elena Rossi",Japan,"September 22, 2018",2018,R,7 Season,"Horror Movies, Thrillers, Stand-Up Comedy",A story about love set in Japan.
s435,TV Show,Rising Horizon,,"Liam Chen, Fatima Kowalski, Sara Kim, Maria Smith, Sara Khan",United Kingdom,"July 7, 2019",2012,PG-13,6 Seasons,"International Movies, Comedies, Docuseries",A story about friendship set in United Kingdom.
s436,TV Show,Midnight Horizon (Season 1),,"Yusuf Khan, Nina Rossi, Tom Kim, Nina Muller",Australia,"March 9, 2020",2019,TV-14,7 Season,"Thrillers, Kids TV",A story about identity set in Australia.
s437,Movie,Rising Storm,Priya Sharma,"Raj Patel, Grace Chen, Tom Rossi",Germany,"June 21, 2021",2020,TV-14,107 min,"Reality TV, Comedies",A story about friendship set in Germany.
s438,Movie,Last Dream,Sofia Alvarez,"Liam Dubois, John Ahmed, Maria Lee, John Ahmed, Maria Ahmed",South Korea,"January 23, 2016",2013,TV-Y7,154 min,"Crime TV Shows, Thrillers, International Movies",A story about betrayal set in South Korea.
s439,TV Show,The Shadow,,"Wei Kowalski, Wei Brown, Carlos Smith, Maria Kim, Tom Novak",France,"August 2, 2021",2010,TV-Y7,7 Seasons,"Crime TV Shows, Thrillers, Reality TV",A story about survival set in France.
s440,Movie,A Horizon,Kenji Watanabe,"Carlos Ahmed, John Smith",South Korea,"February 24, 2015",2003,TV-PG,153 min,"Sci-Fi & Fantasy, Sports Movies",A story about identity set in South Korea.
s441,TV Show,Endless Heart,,"Grace Patel, Grace Patel, Carlos Kowalski, Liam Garcia",United Kingdom,"February 26, 2015",2004,R,1 Seasons,"Kids TV, Reality TV, Dramas",A story about ambition set in United Kingdom.
s442,Movie,Last Legacy,David Okafor,"Maria Muller, Omar Rossi, Wei Rossi",South Korea,"April 22, 2016",2000,TV-PG,89 min,"Sci-Fi & Fantasy, Romantic Movies, Docuseries",A story about love set in South Korea.
s443,TV Show,Endless Legacy,,"John Silva, John Garcia, Raj Brown, Grace Kim, Carlos Brown",Spain,"May 5, 2021",2018,NR,3 Season,"Docuseries, Crime TV Shows",A story about friendship set in Spain.
s444,Movie,The Code,Rajiv Menon,"Elena Silva, Yusuf Garcia, Liam Lee, Raj Kim, Tom Rossi",India,"November 21, 2018",2015,TV-Y7,159 min,"Dramas, Documentaries",A story about family set in India.
s445,TV Show,Silent Storm,,"Elena Lee, Raj Silva, Tom Dubois",Egypt,"April 30, 2021",2021,TV-PG,3 Seasons,"Reality TV, Docuseries",A story about war set in Egypt.
s446,TV Show,Last Horizon,,"Raj Rossi, Wei Chen",Canada,"July 8, 2020",2005,TV-14,7 Season,"Horror Movies, Action & Adventure",A story about ambition set in Canada.
s447,Movie,The Storm,Kenji Watanabe,"Raj Chen, Wei Brown, Sara Lee, Yusuf Smith",Nigeria,"October 15, 2018",2002,TV-Y,84 min,"Romantic Movies, Comedies, Crime TV Shows",A story about ambition set in Nigeria.
s448,Movie,Golden Storm,Rajiv Menon,"Tom Chen, Sara Novak, Sara Ahmed, Elena Patel",India,"November 29, 2019",2001,TV-Y7,177 min,Action & Adventure,A story about betrayal set in India.
s449,TV Show,The Code (Season 1),,"Tom Silva, Wei Novak, Liam Novak",Spain,"August 3, 2021",2016,TV-14,2 Seasons,"International Movies, Comedies",A story about ambition set in Spain.
s450,Movie,Broken Journey,Sofia Alvarez,"Aiko Muller, Yusuf Chen, Maria Muller, Aiko Novak, Omar Kim",Japan,"September 8, 2020",2020,TV-PG,166 min,"Reality TV, Stand-Up Comedy, Action & Adventure",A story about survival set in Japan.
s451,TV Show,Broken City,,"John Rossi, Wei Kowalski, John Novak, Omar Ahmed",India,"October 17, 2018",2002,PG,4 Seasons,Reality TV,A story about love set in India.
s452,Movie,The Kingdom,Not Given,"Raj Novak, Omar Patel",Italy,"April 26, 2019",2016,TV-Y,121 min,"Horror Movies, Sports Movies, Sci-Fi & Fantasy",A story about war set in Italy.
s453,TV Show,The Dream,,"Grace Kim, Nina Patel, Fatima Lee",Germany,"March 18, 2021",2019,G,6 Season,"Stand-Up Comedy, Docuseries",A story about ambition set in Germany.
s454,TV Show,A Journey,,"Grace Novak, Grace Lee, Wei Ahmed, Yusuf Muller, Fatima Garcia",Germany,"October 2, 2018",2017,NR,3 Seasons,Dramas,A story about love set in Germany.
s455,TV Show,Rising Horizon,,"Grace Kim, Yusuf Garcia, Grace Smith, Sara Silva",France,"June 3, 2021",2020,PG,1 Season,"Action & Adventure, Romantic Movies, International Movies",A story about love set in France.
s456,Movie,Secret Horizon,Not Given,"Aiko Muller, Liam Patel, Omar Brown",Mexico,"October 14, 2018",2018,TV-Y,136 min,"Romantic Movies, Comedies, Thrillers",A story about ambition set in Mexico.
s457,TV Show,Golden Heart (Season 4),,"Maria Garcia, John Kim, Tom Chen, Nina Khan, Nina Garcia",Japan,"May 15, 2021",2021,TV-Y,5 Seasons,"Crime TV Shows, Horror Movies",A story about friendship set in Japan.
s458,Movie,Silent Heart,David Okafor,"Wei Ahmed, Wei Rossi, Grace Rossi",United Kingdom,"April 28, 2017",2016,R,128 min,"Comedies, Sports Movies",A story about survival set in United Kingdom.
s459,TV Show,Golden Shadow,,"Maria Garcia, Aiko Dubois, Liam Smith, Yusuf Chen, Maria Silva",France,"May 27, 2018",2011,PG-13,4 Season,International Movies,A story about identity set in France.
s460,Movie,Midnight Dream,Sofia Alvarez,"Sara Novak, Nina Smith, Maria Ahmed",Japan,"July 3, 2015",2002,TV-Y,131 min,"Horror Movies, Docuseries, Romantic Movies",A story about war set in Japan.
s461,TV Show,Silent Horizon (Season 2),,"Omar Rossi, Raj Rossi, Wei Brown, Grace Silva, Maria Kowalski",Australia,"June 9, 2021",2021,TV-Y,4 Season,"Anime, Crime TV Shows",A story about love set in Australia.
s462,TV Show,Silent Dream,,"Grace Smith, Elena Patel, Omar Kowalski",Mexico,"April 17, 2021",2009,TV-14,6 Seasons,Comedies,A story about ambition set in Mexico.
s463,TV Show,Rising Journey (Season 2),,"Liam Kowalski, Fatima Khan",Egypt,"June 28, 2020",2018,TV-14,7 Seasons,"Stand-Up Comedy, Horror Movies",A story about love set in Egypt.
s464,Movie,The Storm,David Okafor,"Carlos Smith, Sara Ahmed, Aiko Kim",France,"April 14, 2016",2002,TV-14,139 min,Horror Movies,A story about survival set in France.
s465,Movie,A Kingdom,Kenji Watanabe,"Raj Chen, John Dubois, Aiko Chen, John Novak, John Muller",South Korea,"August 3, 2018",2003,TV-PG,122 min,"Crime TV Shows, Kids TV",A story about betrayal set in South Korea.
s466,Movie,Secret Horizon,Not Given,"Nina Ahmed, Omar Ahmed, Carlos Garcia",France,"July 27, 2018",2001,TV-Y7,140 min,"Documentaries, Romantic Movies",A story about love set in France.
s467,Movie,Secret Journey,Kenji Watanabe,"Fatima Kowalski, Yusuf Patel",Nigeria,"June 1, 2018",2004,G,122 min,"Documentaries, Reality TV",A story about ambition set in Nigeria.
s468,TV Show,Last Storm,,"Omar Khan, Yusuf Kim, Tom Ahmed",Spain,"January 5, 2015",2001,TV-Y7,7 Seasons,"Thrillers, Dramas, Sci-Fi & Fantasy",A story about friendship set in Spain.
s469,Movie,Midnight City,Emily Carter,"Elena Brown, Yusuf Muller, John Chen",Mexico,"February 28, 2020",2017,TV-14,108 min,Stand-Up Comedy,A story about betrayal set in Mexico.
s470,TV Show,Rising Dream,,"Elena Ahmed, Omar Silva, Tom Patel",Japan,"September 24, 2020",2020,TV-Y7,3 Season,"Anime, Action & Adventure",A story about friendship set in Japan.
s471,TV Show,Golden Journey,,"Raj Lee, John Dubois, Nina Smith",Italy,"December 11, 2016",2000,TV-Y,5 Seasons,"Docuseries, Stand-Up Comedy, Kids TV",A story about betrayal set in Italy.
s472,TV Show,A Code (Season 4),,"Aiko Brown, Carlos Brown",Australia,"May 4, 2019",2011,TV-PG,7 Seasons,"Dramas, Comedies, Romantic Movies",A story about war set in Australia.
s473,TV Show,Silent Journey,,"Omar Muller, Raj Lee",Mexico,"February 23, 2017",2011,TV-14,7 Seasons,"Romantic Movies, Action & Adventure",A story about friendship set in Mexico.
s474,TV Show,The Dream,,"John Khan, Sara Patel, Carlos Garcia",Egypt,"May 20, 2021",2008,NR,4 Season,Thrillers,A story about betrayal set in Egypt.
s475,Movie,A Kingdom,Kenji Watanabe,"Tom Ahmed, Grace Kowalski, Liam Khan",Egypt,"January 6, 2021",2021,NR,148 min,"Sci-Fi & Fantasy, Dramas",A story about identity set in Egypt.
s476,Movie,The Storm,David Okafor,"Liam Garcia, Raj Ahmed, Nina Rossi, Aiko Ahmed, Omar Smith",Italy,"July 12, 2015",2007,PG-13,123 min,"Sci-Fi & Fantasy, Thrillers, Dramas",A story about identity set in Italy.
s477,Movie,A Horizon,Rajiv Menon,"Grace Kim, Maria Lee, Fatima Khan",United Kingdom,"June 27, 2018",2010,TV-14,150 min,"Action & Adventure, Dramas, Romantic Movies",A story about identity set in United Kingdom.
s478,TV Show,Endless Storm,,"Maria Rossi, Fatima Silva, Sara Smith",Egypt,"October 29, 2020",2010,R,1 Seasons,"Sci-Fi & Fantasy, Stand-Up Comedy, Comedies",A story about friendship set in Egypt.
s479,Movie,A Journey,Rajiv Menon,"Aiko Lee, Sara Novak, Maria Kowalski, Wei Smith, Tom Kowalski",Spain,"May 19, 2018",2001,G,150 min,"Documentaries, Comedies",A story about love set in Spain.
s480,Movie,Midnight City,David Okafor,"Elena Kowalski, Carlos Khan",Egypt,"March 17, 2021",2019,G,71 min,"Stand-Up Comedy, Romantic Movies",A story about identity set in Egypt.
s481,TV Show,Endless Shadow,,"Nina Ahmed, Aiko Dubois",Canada,"February 25, 2016",2003,TV-MA,5 Seasons,"Kids TV, Sci-Fi & Fantasy, Horror Movies",A story about survival set in Canada.
s482,Movie,Midnight Storm,David Okafor,"Grace Dubois, Nina Chen, Fatima Chen, Omar Smith, John Chen",France,"June 11, 2020",2018,NR,153 min,"Horror Movies, Docuseries",A story about survival set in France.
s483,Movie,Midnight Horizon,Emily Carter,"Aiko Smith, Yusuf Dubois, Raj Patel, Wei Smith",Canada,"August 11, 2016",2016,TV-Y,114 min,Kids TV,A story about ambition set in Canada.
s484,TV Show,Golden Legacy,,"Elena Novak, Aiko Brown, Elena Dubois, Aiko Dubois, Liam Kim",Japan,"March 5, 2016",2005,TV-Y7,7 Seasons,"Romantic Movies, Sci-Fi & Fantasy",A story about love set in Japan.
s485,Movie,Secret Heart,Not Given,"Fatima Rossi, Grace Kowalski, Sara Silva",Nigeria,"April 20, 2017",2012,TV-Y,93 min,Sports Movies,A story about love set in Nigeria.
s486,Movie,The Code,Alicia Wren,"Liam Rossi, Fatima Patel, Elena Lee",Nigeria,"June 29, 2015",2011,TV-MA,95 min,Horror Movies,A story about survival set in Nigeria.
s487,Movie,Midnight Kingdom,Emily Carter,"Wei Khan, John Chen, Sara Muller",Italy,"March 27, 2015",2003,TV-PG,118 min,"Action & Adventure, Thrillers, Docuseries",A story about family set in Italy.
s488,Movie,Golden Storm,Marcus Lee,"Tom Novak, Maria Garcia, Wei Lee, Tom Chen, Omar Khan",Canada,"February 14, 2019",2017,PG,110 min,"Reality TV, Anime, Action & Adventure",A story about love set in Canada.
s489,TV Show,Endless Legacy,,"Omar Chen, Aiko Khan, John Patel, Omar Muller",Egypt,"September 12, 2020",2004,G,4 Season,Docuseries,A story about betrayal set in Egypt.
s490,Movie,Broken Code,Emily Carter,"Yusuf Rossi, Wei Silva, Grace Silva, Yusuf Novak, Nina Novak",Spain,"January 4, 2018",2015,G,121 min,"Comedies, Action & Adventure, Sci-Fi & Fantasy",A story about ambition set in Spain.
s491,Movie,Secret City,Sofia Alvarez,"Carlos Lee, Carlos Dubois, Wei Lee, Sara Silva",France,"June 23, 2017",2017,TV-PG,166 min,Horror Movies,A story about friendship set in France.
s492,Movie,Secret Horizon,Rajiv Menon,"Yusuf Dubois, Aiko Kim, Nina Rossi, Carlos Kim, Aiko Kowalski",Spain,"January 23, 2018",2010,TV-Y,73 min,Sci-Fi & Fantasy,A story about ambition set in Spain.
s493,Movie,A Storm,Alicia Wren,"Sara Ahmed, Yusuf Ahmed, Raj Garcia, Omar Muller",Italy,"February 8, 2016",2007,TV-14,79 min,"Comedies, Crime TV Shows",A story about ambition set in Italy.
s494,Movie,Golden Dream,Kenji Watanabe,"Fatima Novak, Elena Chen, Sara Kowalski, Grace Novak",Germany,"February 4, 2015",2008,PG-13,106 min,"Stand-Up Comedy, Kids TV",A story about love set in Germany.
s495,Movie,Rising Kingdom,David Okafor,"Fatima Novak, Grace Khan, Nina Khan",Germany,"February 5, 2021",2018,TV-Y7,162 min,"Anime, Stand-Up Comedy",A story about betrayal set in Germany.
s496,Movie,Secret City,David Okafor,"Nina Rossi, Sara Ahmed, John Silva",United Kingdom,"September 20, 2018",2018,PG-13,164 min,Docuseries,A story about war set in United Kingdom.
s497,Movie,Broken City,David Okafor,"Aiko Dubois, John Dubois, Omar Smith, Tom Chen",United Kingdom,"May 16, 2021",2010,G,147 min,"Stand-Up Comedy, Kids TV, Action & Adventure",A story about identity set in United Kingdom.
s498,Movie,Broken Legacy,Priya Sharma,"Aiko Dubois, Nina Patel",Italy,"January 17, 2016",2009,TV-PG,83 min,"Thrillers, Dramas, Reality TV",A story about friendship set in Italy.
s499,Movie,Secret Shadow,David Okafor,"Fatima Khan, Liam Patel, Yusuf Garcia, Nina Smith",Japan,"February 15, 2016",2016,TV-PG,111 min,"Stand-Up Comedy, Documentaries",A story about betrayal set in Japan.
s500,Movie,Broken Heart,Alicia Wren,"Tom Brown, Fatima Chen, Sara Khan, Liam Kim, Sara Novak",Brazil,"October 12, 2016",2015,G,143 min,"Kids TV, Crime TV Shows",A story about friendship set in Brazil.
s501,Movie,The Kingdom,Priya Sharma,"Sara Kim, Elena Kowalski",Canada,"September 9, 2019",2016,G,132 min,"Sci-Fi & Fantasy, Horror Movies",A story about love set in Canada.
s502,TV Show,Midnight Heart,,"Carlos Dubois, Sara Kowalski, Sara Chen, Carlos Khan",United Kingdom,"January 20, 2021",2019,TV-Y,4 Season,"Thrillers, Sports Movies, Horror Movies",A story about betrayal set in United Kingdom.
s503,Movie,The Legacy,Marcus Lee,"Tom Patel, Yusuf Muller, Raj Lee, Maria Novak",Mexico,"July 14, 2020",2006,TV-Y,167 min,"Action & Adventure, Thrillers, Comedies",A story about betrayal set in Mexico.
s504,Movie,Golden City,Priya Sharma,"Liam Khan, Yusuf Smith, Nina Smith",India,"April 17, 2021",2020,TV-Y,113 min,"Stand-Up Comedy, Reality TV, Action & Adventure",A story about identity set in India.
s505,Movie,Midnight Shadow,Marcus Lee,"Raj Novak, Nina Rossi, Nina Garcia, Maria Ahmed",Brazil,"November 28, 2019",2007,TV-PG,130 min,"Thrillers, Documentaries",A story about love set in Brazil.
s506,Movie,Last Dream,Alicia Wren,"Wei Garcia, Raj Kowalski, John Patel, Liam Chen, Nina Silva",United Kingdom,"May 22, 2015",2006,NR,97 min,"Comedies, Reality TV",A story about betrayal set in United Kingdom.
s507,Movie,Midnight Heart,Rajiv Menon,"John Kowalski, Carlos Kowalski",Canada,"March 15, 2019",2007,R,95 min,Dramas,A story about identity set in Canada.
s508,Movie,The Storm,Sofia Alvarez,"Fatima Lee, Maria Kowalski",Egypt,"February 12, 2021",2021,TV-PG,75 min,"Action & Adventure, Reality TV",A story about war set in Egypt.
s509,Movie,Secret Horizon,Sofia Alvarez,"Carlos Garcia, Fatima Khan, Maria Silva, Aiko Chen, John Kim",Brazil,"February 19, 2015",2010,TV-Y,97 min,"Romantic Movies, Comedies",A story about family set in Brazil.
s510,Movie,Golden Journey,Alicia Wren,"Carlos Muller, Omar Dubois, Nina Garcia",Mexico,"June 9, 2021",2017,G,91 min,"Action & Adventure, Horror Movies",A story about war set in Mexico.
s511,TV Show,Broken Kingdom,,"Sara Patel, Nina Garcia, Aiko Smith, Elena Lee",Australia,"April 16, 2019",2014,NR,6 Seasons,"Dramas, Action & Adventure, Docuseries",A story about betrayal set in Australia.
s512,Movie,Broken Legacy,Not Given,"John Chen, Aiko Rossi",France,"September 13, 2016",2006,TV-Y,96 min,"Comedies, Action & Adventure, Sports Movies",A story about friendship set in France.
s513,TV Show,Golden Kingdom,,"Yusuf Kowalski, Carlos Patel",Egypt,"April 8, 2015",2009,R,7 Seasons,"Romantic Movies, Action & Adventure",A story about love set in Egypt.
s514,TV Show,Secret Legacy,,"Yusuf Silva, Wei Rossi, Raj Smith, Maria Brown, Nina Garcia",Canada,"August 2, 2016",2001,R,2 Season,"Kids TV, Action & Adventure, Crime TV Shows",A story about betrayal set in Canada.
s515,Movie,Silent Dream,Marcus Lee,"Fatima Kim, Wei Dubois, Fatima Muller",France,"July 7, 2020",2018,R,104 min,"Documentaries, Thrillers",A story about identity set in France.
s516,Movie,Silent Heart,David Okafor,"Omar Chen, Sara Kowalski, Nina Smith, Omar Kim, Carlos Brown",India,"January 9, 2021",2009,TV-PG,140 min,"Thrillers, International Movies, Kids TV",A story about friendship set in India.
s517,Movie,Midnight City,Hugo Fischer,"Maria Silva, Wei Novak, Nina Khan, Wei Lee, Fatima Smith",United States,"March 12, 2020",2016,TV-Y7,121 min,"Stand-Up Comedy, Sports Movies",A story about war set in United States.
s518,Movie,Midnight Horizon,Alicia Wren,"Tom Smith, Tom Garcia, Carlos Lee, Elena Chen, Fatima Kowalski",South Korea,"November 28, 2018",2008,NR,160 min,"Sports Movies, Docuseries",A story about love set in South Korea.
s519,Movie,Broken Legacy,Sofia Alvarez,"John Lee, Sara Silva, Raj Novak, Raj Smith, Grace Patel",Brazil,"December 6, 2017",2004,G,128 min,"International Movies, Docuseries, Action & Adventure",A story about survival set in Brazil.
s520,Movie,A City,David Okafor,"Yusuf Lee, Fatima Lee",South Korea,"October 15, 2019",2005,PG-13,158 min,"Stand-Up Comedy, Horror Movies",A story about family set in South Korea.
s521,TV Show,A Shadow,,"Sara Chen, Liam Novak, Fatima Lee, Grace Kim",Mexico,"January 27, 2015",2009,TV-PG,7 Season,Documentaries,A story about identity set in Mexico.
s522,Movie,Midnight City,Marcus Lee,"Aiko Chen, Grace Chen, Fatima Rossi",United Kingdom,"March 27, 2017",2016,TV-Y7,142 min,Thrillers,A story about ambition set in United Kingdom.
s523,Movie,Last Legacy,Kenji Watanabe,"Nina Patel, Tom Dubois, Maria Brown, Raj Chen, Maria Muller",India,"May 25, 2016",2012,PG-13,78 min,"Dramas, Horror Movies",A story about ambition set in India.
s524,Movie,A Journey,Rajiv Menon,"Omar Smith, Raj Dubois, Omar Smith, Maria Khan",Germany,"March 19, 2019",2000,G,136 min,"Docuseries, Romantic Movies",A story about war set in Germany.
s525,Movie,Golden Storm,Emily Carter,"Sara Khan, Aiko Patel, Carlos Kim, Elena Smith",Japan,"February 15, 2016",2010,TV-MA,128 min,"Stand-Up Comedy, Sports Movies, Reality TV",A story about survival set in Japan.
s526,Movie,A Code,Kenji Watanabe,"Aiko Rossi, Elena Patel, Raj Brown",Spain,"August 19, 2020",2016,R,70 min,"Anime, Dramas, Docuseries",A story about war set in Spain.
s527,TV Show,Golden Heart,,"Carlos Novak, Elena Kowalski, Maria Silva, Carlos Lee, Tom Rossi",Brazil,"April 26, 2019",2003,PG-13,5 Season,Comedies,A story about survival set in Brazil.
s528,Movie,A Dream,Hugo Fischer,"Wei Lee, Nina Garcia, Nina Patel, Yusuf Khan, Fatima Khan",United Kingdom,"June 29, 2021",2021,TV-14,83 min,"Dramas, Documentaries",A story about war set in United Kingdom.
s529,TV Show,Midnight Legacy,,"Tom Patel, Maria Patel, Wei Lee, Yusuf Patel, Grace Rossi",India,"July 5, 2017",2010,G,7 Seasons,Anime,A story about identity set in India.
s530,TV Show,Broken Code,,"Omar Khan, Fatima Muller, Maria Muller, Maria Garcia, Maria Silva",Mexico,"January 21, 2019",2018,TV-14,5 Season,"Stand-Up Comedy, Horror Movies",A story about love set in Mexico.
s531,Movie,Endless Code,Sofia Alvarez,"Carlos Silva, Omar Silva, Omar Patel, Tom Kowalski, Wei Ahmed",Brazil,"August 27, 2020",2019,R,83 min,"Dramas, Crime TV Shows",A story about friendship set in Brazil.
s532,Movie,Midnight Legacy,Priya Sharma,"Wei Dubois, Liam Chen, Grace Patel, Sara Kowalski, Sara Novak",United States,"November 24, 2019",2019,PG-13,134 min,"Action & Adventure, International Movies, Reality TV",A story about friendship set in United States.
s533,Movie,Secret Heart,Kenji Watanabe,"John Kowalski, Aiko Chen, Sara Novak, Fatima Brown, Grace Lee",Nigeria,"August 4, 2015",2007,TV-PG,179 min,"Stand-Up Comedy, International Movies",A story about survival set in Nigeria.
s534,TV Show,Rising City,,"Aiko Kowalski, Carlos Kim, Maria Ahmed, Grace Muller, Liam Novak",Italy,"February 22, 2021",2006,TV-Y,1 Season,"Comedies, Reality TV, Sports Movies",A story about family set in Italy.
s535,Movie,Last Horizon,Marcus Lee,"Grace Rossi, Liam Lee, Wei Khan, Fatima Kowalski, Grace Khan",Mexico,"January 10, 2020",2020,PG,162 min,"Action & Adventure, Anime, Stand-Up Comedy",A story about survival set in Mexico.
s536,Movie,Broken Kingdom,Rajiv Menon,"Aiko Rossi, Wei Smith",India,"October 18, 2019",2016,G,125 min,Stand-Up Comedy,A story about ambition set in India.
s537,Movie,Secret City,Priya Sharma,"Grace Dubois, Wei Patel, Grace Kim, Omar Novak",Nigeria,"June 18, 2021",2021,TV-14,169 min,"Stand-Up Comedy, International Movies",A story about friendship set in Nigeria.
s538,Movie,A Shadow,Alicia Wren,"Nina Patel, Raj Lee",Germany,"April 5, 2015",2007,G,143 min,"Docuseries, International Movies, Sports Movies",A story about betrayal set in Germany.
s539,TV Show,Last City,,"Liam Dubois, Wei Garcia, Aiko Garcia, Grace Lee, Sara Kowalski",Germany,"July 19, 2019",2005,TV-MA,4 Seasons,"Docuseries, Comedies, Crime TV Shows",A story about betrayal set in Germany.
s540,TV Show,Secret Shadow (Season 2),,"Yusuf Rossi, Omar Silva",India,"June 11, 2016",2001,G,2 Seasons,Crime TV Shows,A story about love set in India.
s541,Movie,A Code,Kenji Watanabe,"Yusuf Chen, Carlos Patel, John Khan, Liam Smith",Germany,"December 27, 2020",2009,TV-Y7,87 min,"Docuseries, Sports Movies, Thrillers",A story about war set in Germany.
s542,Movie,Rising Legacy,Alicia Wren,"Fatima Smith, Fatima Chen",France,"July 3, 2016",2006,G,140 min,Sports Movies,A story about family set in France.
s543,Movie,Endless City,Alicia Wren,"Liam Kim, Raj Lee, Wei Kim, Nina Garcia",France,"April 19, 2021",2021,TV-PG,138 min,Documentaries,A story about family set in France.
s544,TV Show,Secret Storm,,"Carlos Brown, Wei Silva, Omar Kim",South Korea,"October 10, 2017",2000,TV-14,3 Season,Reality TV,A story about betrayal set in South Korea.
s545,Movie,A Storm,Emily Carter,"Wei Brown, Omar Khan, Liam Smith, Maria Kim",Canada,"March 6, 2016",2012,TV-14,92 min,"Horror Movies, Docuseries, Reality TV",A story about friendship set in Canada.
s546,Movie,Golden Horizon,Kenji Watanabe,"Elena Garcia, Tom Smith, Wei Silva, Omar Kim",United Kingdom,"December 17, 2020",2011,NR,146 min,"Docuseries, Horror Movies",A story about survival set in United Kingdom.
s547,Movie,Rising Kingdom,Marcus Lee,"Carlos Dubois, Grace Muller, John Lee",Mexico,"January 14, 2021",2020,R,156 min,"Reality TV, Sports Movies, Romantic Movies",A story about survival set in Mexico.
s548,Movie,Golden Heart,Hugo Fischer,"Liam Kim, Yusuf Novak, Tom Lee, Sara Khan",France,"March 30, 2020",2020,PG-13,122 min,"Documentaries, Anime",A story about betrayal set in France.
s549,Movie,Secret Shadow,Marcus Lee,"Maria Novak, Liam Ahmed",Italy,"February 13, 2015",2015,TV-Y,156 min,"International Movies, Romantic Movies, Sci-Fi & Fantasy",A story about betrayal set in Italy.
s550,Movie,Endless Legacy,Rajiv Menon,"Grace Ahmed, Grace Silva, Fatima Novak, Raj Lee, Sara Lee",Germany,"June 5, 2021",2021,TV-MA,147 min,"Thrillers, Anime",A story about ambition set in Germany.
s551,Movie,Golden Kingdom,Hugo Fischer,"John Kim, Nina Kim, Wei Silva, Maria Silva",Italy,"March 5, 2021",2021,NR,178 min,Horror Movies,A story about family set in Italy.
s552,Movie,Midnight Legacy,Rajiv Menon,"Fatima Lee, Liam Lee, Tom Patel, Yusuf Brown, Tom Smith",Italy,"June 22, 2020",2014,TV-MA,115 min,Sci-Fi & Fantasy,A story about war set in Italy.
s553,Movie,A Journey,Emily Carter,"Carlos Silva, John Garcia, Carlos Rossi",Canada,"December 7, 2020",2002,NR,89 min,"Action & Adventure, Sci-Fi & Fantasy",A story about friendship set in Canada.
s554,Movie,Midnight Legacy,Priya Sharma,"Aiko Muller, Aiko Kim, Tom Chen, Yusuf Kowalski, Liam Garcia",Spain,"August 3, 2021",2021,TV-Y7,90 min,Sports Movies,A story about identity set in Spain.
s555,Movie,Secret Shadow,Sofia Alvarez,"John Chen, Carlos Kim, Grace Silva, Tom Smith",United Kingdom,"February 20, 2021",2021,TV-Y7,155 min,"Action & Adventure, Kids TV",A story about friendship set in United Kingdom.
s556,Movie,Last Storm,David Okafor,"Wei Garcia, Maria Kowalski, John Chen, Wei Silva, Yusuf Smith",Nigeria,"March 2, 2021",2021,TV-MA,156 min,"Reality TV, Horror Movies",A story about love set in Nigeria.
s557,Movie,Midnight Dream,Priya Sharma,"Omar Kim, Fatima Dubois",United Kingdom,"February 4, 2018",2016,R,105 min,Crime TV Shows,A story about ambition set in United Kingdom.
s558,Movie,Broken Legacy,Priya Sharma,"Grace Novak, Yusuf Dubois",United Kingdom,"August 18, 2021",2006,TV-PG,99 min,International Movies,A story about identity set in United Kingdom.
s559,Movie,Secret Kingdom,David Okafor,"Elena Khan, Maria Brown",United States,"July 27, 2019",2012,NR,109 min,"Romantic Movies, Action & Adventure, Thrillers",A story about identity set in United States.
s560,Movie,Rising City,Rajiv Menon,"Maria Muller, Aiko Muller, Aiko Novak, Carlos Khan",Japan,"January 14, 2017",2001,TV-MA,70 min,Anime,A story about ambition set in Japan.
s561,Movie,Midnight Horizon,Alicia Wren,"Wei Muller, Nina Silva, Aiko Muller, Maria Garcia, Raj Smith",Brazil,"April 27, 2021",2017,TV-PG,112 min,"Sports Movies, Docuseries",A story about war set in Brazil.
s562,Movie,Midnight Legacy,Not Given,"Maria Lee, Maria Chen, Raj Novak, Elena Garcia, John Dubois",Italy,"July 14, 2020",2020,R,160 min,"Action & Adventure, Comedies",A story about war set in Italy.
s563,Movie,Silent Legacy,Hugo Fischer,"John Chen, Fatima Kim, Yusuf Novak",France,"December 13, 2018",2017,PG,127 min,"Action & Adventure, Sci-Fi & Fantasy, Kids TV",A story about betrayal set in France.
s564,Movie,Rising Code,Rajiv Menon,"Elena Muller, Grace Chen, Liam Smith",Australia,"February 18, 2017",2001,TV-Y,133 min,"Documentaries, Docuseries, Romantic Movies",A story about identity set in Australia.
s565,Movie,Broken City,Not Given,"Fatima Chen, John Chen, Elena Khan, Elena Novak",United States,"February 8, 2021",2016,NR,160 min,"Crime TV Shows, International Movies, Reality TV",A story about ambition set in United States.
s566,Movie,Midnight Code,Alicia Wren,"Fatima Smith, Yusuf Khan, Liam Smith",Brazil,"February 11, 2018",2004,TV-PG,104 min,Romantic Movies,A story about ambition set in Brazil.
s567,Movie,The Storm,Not Given,"Aiko Garcia, Grace Lee, Yusuf Muller, Grace Chen",South Korea,"October 29, 2019",2019,PG,77 min,"Dramas, Reality TV, Thrillers",A story about ambition set in South Korea.
s568,TV Show,Midnight Kingdom,,"Yusuf Patel, Sara Kowalski",Nigeria,"August 6, 2018",2018,TV-Y,6 Season,"Kids TV, Reality TV, Romantic Movies",A story about ambition set in Nigeria.
s569,Movie,Secret Horizon,David Okafor,"Nina Khan, Grace Novak, Carlos Silva",United Kingdom,"January 19, 2016",2015,TV-Y7,93 min,"Thrillers, Reality TV",A story about survival set in United Kingdom.
s570,Movie,Silent Kingdom,Kenji Watanabe,"Liam Chen, Tom Chen",Egypt,"February 8, 2017",2012,TV-14,88 min,Reality TV,A story about ambition set in Egypt.
s571,Movie,Broken Shadow,Hugo Fischer,"Grace Kowalski, Omar Smith, Elena Garcia",South Korea,"March 26, 2015",2012,TV-14,175 min,Comedies,A story about survival set in South Korea.
s572,Movie,A Dream,Marcus Lee,"Omar Smith, Omar Garcia",Germany,"December 15, 2015",2010,R,87 min,"Sci-Fi & Fantasy, Reality TV",A story about survival set in Germany.
s573,Movie,Silent Kingdom,Sofia Alvarez,"Yusuf Novak, Liam Patel",Germany,"March 28, 2015",2003,TV-MA,83 min,"Horror Movies, Comedies, Crime TV Shows",A story about identity set in Germany.
s574,Movie,Secret Journey,Sofia Alvarez,"Carlos Chen, Aiko Patel, Liam Khan, Tom Lee, Raj Kim",Brazil,"July 7, 2020",2003,TV-PG,84 min,Action & Adventure,A story about family set in Brazil.
s575,Movie,Endless Storm,Alicia Wren,"Tom Lee, Tom Garcia, Tom Smith, Elena Chen",United Kingdom,"December 12, 2020",2013,PG,146 min,Reality TV,A story about survival set in United Kingdom.
s576,TV Show,Midnight Horizon,,"Tom Garcia, Liam Lee, Nina Patel, Aiko Lee",France,"January 9, 2015",2002,TV-PG,7 Seasons,"International Movies, Kids TV",A story about friendship set in France.
s577,TV Show,Silent Shadow (Season 4),,"Wei Garcia, Aiko Chen, Wei Kowalski, Carlos Silva",Japan,"October 3, 2019",2015,TV-Y7,6 Seasons,"Anime, Documentaries, Stand-Up Comedy",A story about ambition set in Japan.
s578,Movie,Rising Heart,Hugo Fischer,"Yusuf Ahmed, Sara Khan, Carlos Garcia, Elena Novak, Carlos Ahmed",Australia,"December 24, 2015",2007,R,116 min,Kids TV,A story about love set in Australia.
s579,Movie,Silent Kingdom,Alicia Wren,"Tom Silva, Aiko Brown",Egypt,"April 22, 2018",2004,TV-Y7,88 min,"Reality TV, Action & Adventure, Sci-Fi & Fantasy",A story about ambition set in Egypt.
s580,Movie,Last Shadow,Marcus Lee,"Grace Smith, Grace Kim, Aiko Smith, Grace Garcia, Raj Dubois",India,"August 29, 2021",2015,TV-PG,73 min,Sports Movies,A story about survival set in India.
s581,Movie,A Journey,Not Given,"Wei Kowalski, Wei Rossi, Grace Chen, Grace Ahmed, Grace Muller",Spain,"October 13, 2018",2013,TV-Y7,170 min,"Dramas, International Movies, Comedies",A story about survival set in Spain.
s582,Movie,The Horizon,Marcus Lee,"John Kim, Sara Kim, Raj Lee",Spain,"December 27, 2020",2017,PG-13,143 min,"Horror Movies, Sports Movies, Action & Adventure",A story about identity set in Spain.
s583,TV Show,Midnight Shadow,,"Grace Khan, Carlos Dubois, John Khan",South Korea,"April 9, 2021",2005,G,7 Season,"Sci-Fi & Fantasy, Romantic Movies, Thrillers",A story about identity set in South Korea.
s584,TV Show,Last Journey,,"Fatima Muller, Maria Garcia, Maria Silva, Elena Kowalski, Sara Silva",United States,"March 1, 2018",2007,TV-PG,5 Season,Dramas,A story about family set in United States.
s585,Movie,Secret Journey,Sofia Alvarez,"Maria Dubois, Elena Smith, Elena Kowalski, Nina Smith",United States,"January 17, 2016",2010,PG-13,71 min,"Horror Movies, Kids TV",A story about ambition set in United States.
s586,Movie,Broken Storm,Marcus Lee,"Aiko Kim, Tom Novak",Germany,"August 18, 2020",2003,TV-PG,73 min,"Stand-Up Comedy, Romantic Movies, Horror Movies",A story about love set in Germany.
s587,Movie,Last Heart,Alicia Wren,"Grace Khan, Tom Khan",Nigeria,"June 17, 2021",2021,TV-PG,168 min,"Thrillers, Crime TV Shows, Sci-Fi & Fantasy",A story about war set in Nigeria.
s588,Movie,Last Storm,Kenji Watanabe,"Elena Brown, Carlos Smith, Tom Novak, Omar Patel",South Korea,"May 5, 2017",2007,G,147 min,International Movies,A story about friendship set in South Korea.
s589,Movie,The Kingdom,Kenji Watanabe,"Nina Garcia, Nina Silva",United Kingdom,"October 23, 2016",2009,TV-14,105 min,"Sports Movies, Thrillers, Comedies",A story about betrayal set in United Kingdom.
s590,Movie,Silent Dream,Priya Sharma,"Omar Lee, Nina Patel, Tom Chen, Maria Dubois",Spain,"January 28, 2019",2001,PG-13,121 min,"International Movies, Romantic Movies",A story about war set in Spain.
s591,Movie,Endless Storm,Emily Carter,"Raj Kim, Yusuf Rossi",France,"January 11, 2021",2021,G,152 min,Romantic Movies,A story about love set in France.
s592,Movie,A Dream,David Okafor,"Elena Kim, Sara Garcia, Fatima Kim",Egypt,"January 18, 2016",2014,PG,129 min,"Sci-Fi & Fantasy, Comedies",A story about betrayal set in Egypt.
s593,Movie,A City,David Okafor,"Carlos Silva, Maria Silva, Aiko Dubois",Spain,"May 4, 2020",2006,TV-14,105 min,"Comedies, Crime TV Shows",A story about survival set in Spain.
s594,TV Show,Last Legacy,,"Elena Kowalski, Carlos Smith",Italy,"October 28, 2019",2011,TV-Y7,2 Season,Reality TV,A story about family set in Italy.
s595,Movie,Last Shadow,Marcus Lee,"Liam Kim, Maria Muller",Egypt,"September 16, 2019",2014,NR,97 min,"Crime TV Shows, Documentaries, Reality TV",A story about love set in Egypt.
s596,Movie,Broken Storm,Kenji Watanabe,"Fatima Silva, Carlos Rossi, Nina Ahmed",Mexico,"November 25, 2019",2005,PG,158 min,"Stand-Up Comedy, Reality TV, Dramas",A story about ambition set in Mexico.
s597,Movie,Endless Horizon,Marcus Lee,"Raj Brown, Grace Novak, Sara Novak, Grace Silva",United States,"February 22, 2020",2004,TV-PG,133 min,"Action & Adventure, Stand-Up Comedy",A story about identity set in United States.
s598,Movie,The Heart,Marcus Lee,"Raj Dubois, Maria Smith, Fatima Novak, Fatima Kim, Grace Ahmed",Nigeria,"March 27, 2019",2005,R,114 min,Kids TV,A story about love set in Nigeria.
s599,Movie,Golden Journey,Kenji Watanabe,"Yusuf Brown, Sara Garcia, Grace Rossi, Raj Rossi",South Korea,"December 11, 2018",2013,PG,176 min,"Reality TV, Crime TV Shows, Stand-Up Comedy",A story about war set in South Korea.
s600,Movie,Last Heart,David Okafor,"Wei Ahmed, Elena Chen, Yusuf Kim, Carlos Muller",Egypt,"June 26, 2021",2021,TV-Y,151 min,"Action & Adventure, Comedies",A story about betrayal set in Egypt.
s601,Movie,The Horizon,David Okafor,"Nina Novak, Omar Dubois",Italy,"July 24, 2017",2017,TV-Y7,134 min,"Comedies, Anime, International Movies",A story about identity set in Italy.
s602,Movie,Silent Code,David Okafor,"Fatima Brown, Nina Garcia",Japan,"August 19, 2019",2014,TV-Y,70 min,"Romantic Movies, Crime TV Shows",A story about family set in Japan.
s603,Movie,Midnight Dream,David Okafor,"John Lee, Tom Kim, John Smith",United States,"March 14, 2019",2004,NR,174 min,"Anime, Thrillers, Documentaries",A story about identity set in United States.
s604,Movie,Broken Legacy,Not Given,"Sara Smith, Omar Lee, Elena Kim, Wei Patel, Carlos Novak",United Kingdom,"July 27, 2018",2012,NR,90 min,"Romantic Movies, Comedies",A story about survival set in United Kingdom.
s605,Movie,Endless City,Kenji Watanabe,"Aiko Khan, Maria Garcia, John Kim",United States,"August 30, 2021",2020,TV-PG,73 min,"Documentaries, Horror Movies, Kids TV",A story about love set in United States.
s606,TV Show,Last Heart,,"Wei Khan, Raj Lee, Fatima Muller, Fatima Ahmed",Egypt,"March 29, 2019",2007,PG-13,6 Season,International Movies,A story about love set in Egypt.
s607,Movie,Endless Shadow,Alicia Wren,"Tom Dubois, Maria Garcia, Wei Muller, Liam Lee, Wei Garcia",India,"January 20, 2019",2015,R,120 min,Docuseries,A story about love set in India.
s608,Movie,Silent Shadow,Sofia Alvarez,"Carlos Lee, Aiko Patel, Tom Rossi, Omar Chen, Wei Muller",United States,"May 12, 2021",2005,G,179 min,Action & Adventure,A story about war set in United States.
s609,TV Show,Silent Horizon,,"Wei Ahmed, Grace Muller",Italy,"February 28, 2017",2003,G,1 Seasons,"International Movies, Action & Adventure, Reality TV",A story about war set in Italy.
s610,Movie,Secret Journey,Emily Carter,"Fatima Garcia, Grace Novak, Wei Muller",France,"March 27, 2017",2015,TV-14,114 min,"Horror Movies, Romantic Movies, Sports Movies",A story about friendship set in France.
s611,Movie,Broken Legacy,Kenji Watanabe,"Fatima Patel, Sara Lee, Grace Muller",South Korea,"July 18, 2021",2003,G,109 min,Kids TV,A story about friendship set in South Korea.
s612,Movie,Silent City,Not Given,"Sara Silva, Elena Garcia, Elena Kim, Carlos Khan",Australia,"March 12, 2019",2011,TV-14,127 min,Comedies,A story about family set in Australia.
s613,Movie,Midnight Horizon,Hugo Fischer,"Carlos Smith, Maria Chen, Omar Silva, Carlos Kowalski",United Kingdom,"October 1, 2017",2011,TV-14,97 min,"Sports Movies, Thrillers, Documentaries",A story about war set in United Kingdom.
s614,Movie,Golden Journey,Emily Carter,"Nina Dubois, Omar Silva, Tom Khan",Germany,"April 29, 2019",2002,PG-13,147 min,Kids TV,A story about betrayal set in Germany.
s615,Movie,Endless Shadow,Not Given,"Raj Kowalski, Carlos Silva, Sara Silva, Fatima Khan, John Kowalski",Spain,"July 11, 2015",2015,PG-13,123 min,Action & Adventure,A story about friendship set in Spain.
s616,Movie,Golden Horizon,David Okafor,"Elena Smith, Liam Smith, Raj Kowalski",Egypt,"January 10, 2018",2018,TV-Y7,106 min,Stand-Up Comedy,A story about love set in Egypt.
s617,TV Show,Rising Journey,,"Maria Rossi, Maria Brown",Nigeria,"May 17, 2018",2013,PG-13,3 Seasons,"Documentaries, Crime TV Shows",A story about war set in Nigeria.
s618,Movie,The City,Kenji Watanabe,"Nina Brown, Raj Lee, Maria Brown, Aiko Dubois, Maria Smith",Canada,"February 12, 2015",2001,TV-PG,83 min,"Reality TV, Action & Adventure",A story about survival set in Canada.
s619,Movie,Golden Code,Rajiv Menon,"Liam Lee, Omar Smith",India,"May 31, 2018",2001,TV-14,103 min,"Stand-Up Comedy, International Movies",A story about survival set in India.
s620,TV Show,Endless Heart (Season 3),,"Omar Dubois, Tom Brown, Tom Kim",Brazil,"May 16, 2016",2014,NR,5 Season,"Docuseries, International Movies",A story about war set in Brazil.
s621,TV Show,Silent Legacy (Season 3),,"Aiko Ahmed, Sara Brown",Canada,"June 15, 2021",2021,R,6 Season,"Comedies, Action & Adventure",A story about love set in Canada.
s622,Movie,Silent City,Sofia Alvarez,"Maria Silva, Fatima Brown, Elena Kowalski, Yusuf Ahmed, Sara Silva",Nigeria,"February 3, 2020",2009,TV-PG,178 min,"Action & Adventure, Sci-Fi & Fantasy, Documentaries",A story about ambition set in Nigeria.
s623,TV Show,Broken Heart,,"Omar Kim, Fatima Garcia, Liam Kim",United Kingdom,"March 20, 2021",2021,G,6 Season,"Action & Adventure, Sports Movies",A story about betrayal set in United Kingdom.
s624,Movie,Silent Kingdom,Kenji Watanabe,"Nina Patel, Yusuf Rossi",Japan,"April 29, 2016",2008,NR,80 min,"Reality TV, Action & Adventure",A story about survival set in Japan.
s625,Movie,Broken Code,Emily Carter,"Nina Muller, Aiko Garcia",United States,"January 26, 2021",2020,TV-Y,94 min,"Kids TV, Docuseries",A story about survival set in United States.
s626,Movie,Rising Horizon,Priya Sharma,"Maria Patel, John Patel, Fatima Garcia, Fatima Garcia, John Lee",United States,"June 30, 2019",2018,R,78 min,"Action & Adventure, International Movies, Docuseries",A story about identity set in United States.
s627,Movie,A Legacy,Kenji Watanabe,"Fatima Chen, Omar Khan, Aiko Patel, Liam Novak, Elena Muller",Mexico,"January 22, 2016",2000,TV-PG,134 min,"Docuseries, Sports Movies, International Movies",A story about ambition set in Mexico.
s628,Movie,A Kingdom,Marcus Lee,"Tom Rossi, Wei Smith, Raj Rossi, Carlos Silva",United States,"December 16, 2017",2005,TV-14,91 min,"Dramas, Horror Movies, Thrillers",A story about friendship set in United States.
s629,Movie,Silent Legacy,Priya Sharma,"John Brown, John Dubois",Brazil,"July 24, 2017",2009,NR,134 min,International Movies,A story about betrayal set in Brazil.
s630,Movie,Golden Heart,Priya Sharma,"Yusuf Muller, Raj Rossi, Liam Silva, Nina Smith",Egypt,"May 18, 2018",2011,PG,136 min,"Docuseries, Comedies, International Movies",A story about love set in Egypt.
s631,Movie,Broken Legacy,Marcus Lee,"Nina Smith, Fatima Dubois, Grace Novak, Carlos Silva",Canada,"March 4, 2017",2002,TV-Y,151 min,Crime TV Shows,A story about friendship set in Canada.
s632,TV Show,Rising Kingdom,,"Tom Silva, Carlos Dubois, Carlos Muller, Liam Khan",United States,"December 1, 2020",2018,PG,7 Seasons,"Sci-Fi & Fantasy, Horror Movies",A story about war set in United States.
s633,Movie,The Heart,Marcus Lee,"Raj Chen, Yusuf Muller, Elena Ahmed, Raj Chen, Liam Rossi",France,"April 22, 2018",2002,TV-MA,128 min,Kids TV,A story about family set in France.
s634,TV Show,A Journey,,"Carlos Silva, Raj Brown",United States,"October 26, 2017",2001,TV-PG,3 Seasons,"International Movies, Comedies, Sports Movies",A story about family set in United States.
s635,Movie,Secret City,Not Given,"Liam Khan, John Rossi",Italy,"October 15, 2017",2011,TV-Y,124 min,"Action & Adventure, Sci-Fi & Fantasy",A story about family set in Italy.
s636,TV Show,Endless Dream (Season 4),,"Omar Dubois, Wei Patel, Omar Khan, Liam Chen",South Korea,"February 13, 2018",2017,PG-13,3 Season,"Sci-Fi & Fantasy, Crime TV Shows, Documentaries",A story about identity set in South Korea.
s637,TV Show,Broken Shadow (Season 4),,"Yusuf Lee, Raj Novak, Aiko Rossi, Aiko Kim",Spain,"August 8, 2019",2013,TV-Y7,1 Seasons,Reality TV,A story about betrayal set in Spain.
s638,TV Show,Endless Dream,,"Wei Dubois, Yusuf Lee, Elena Lee, Liam Smith",Nigeria,"May 30, 2016",2012,TV-Y,6 Season,"Sci-Fi & Fantasy, Reality TV, Dramas",A story about betrayal set in Nigeria.
s639,Movie,A Storm,Not Given,"Sara Muller, Elena Rossi",Mexico,"September 7, 2015",2010,TV-14,164 min,"Comedies, Sports Movies, Action & Adventure",A story about survival set in Mexico.
s640,Movie,Silent Kingdom,Sofia Alvarez,"Liam Patel, Liam Novak, Tom Smith",Nigeria,"April 2, 2017",2015,TV-14,78 min,International Movies,A story about betrayal set in Nigeria.
s641,Movie,Secret Legacy,Alicia Wren,"John Brown, Yusuf Rossi, Carlos Smith, Tom Garcia, Liam Kim",Spain,"August 20, 2017",2005,NR,103 min,"Sci-Fi & Fantasy, Reality TV, Anime",A story about betrayal set in Spain.
s642,Movie,The Kingdom,Marcus Lee,"Wei Ahmed, Grace Novak, Yusuf Khan",Spain,"April 2, 2018",2015,PG-13,155 min,Docuseries,A story about war set in Spain.
s643,Movie,Broken City,Alicia Wren,"Carlos Brown, Carlos Chen, John Muller, Nina Garcia, Elena Kim",United States,"September 13, 2019",2018,TV-MA,152 min,"Sci-Fi & Fantasy, Dramas, Thrillers",A story about survival set in United States.
s644,Movie,Silent Dream,Rajiv Menon,"Aiko Ahmed, Sara Brown, Yusuf Khan",Japan,"May 18, 2020",2016,NR,78 min,International Movies,A story about war set in Japan.
s645,Movie,Endless Storm,Priya Sharma,"Liam Kowalski, Omar Patel, Liam Lee",South Korea,"June 4, 2020",2002,TV-Y,130 min,"Thrillers, Horror Movies, Sports Movies",A story about family set in South Korea.
s646,Movie,Golden Horizon,Not Given,"Elena Dubois, Sara Kim, Maria Smith, John Brown",Mexico,"August 7, 2017",2005,TV-14,155 min,Docuseries,A story about friendship set in Mexico.
s647,Movie,Secret Legacy,Alicia Wren,"Grace Lee, Carlos Kowalski, Carlos Lee",India,"October 22, 2017",2001,TV-14,74 min,"Documentaries, Romantic Movies, Stand-Up Comedy",A story about war set in India.
s648,Movie,The Kingdom,Emily Carter,"Grace Rossi, Carlos Chen",Brazil,"February 13, 2021",2018,R,95 min,"Docuseries, Romantic Movies",A story about family set in Brazil.
s649,Movie,Last City,Hugo Fischer,"Maria Dubois, John Patel, Raj Garcia",Canada,"July 29, 2016",2001,TV-MA,116 min,"Documentaries, Thrillers",A story about survival set in Canada.
s650,TV Show,Rising Heart (Season 2),,"Yusuf Silva, Aiko Dubois, Tom Ahmed, Sara Chen, Omar Garcia",Spain,"March 21, 2019",2013,TV-14,5 Season,"Horror Movies, Comedies, Sci-Fi & Fantasy",A story about friendship set in Spain.
