show_id,type,title,director,cast,country,date_added,release_year,rating,duration,listed_in,description,year_added,month_added,primary_genre,primary_country,content_age_at_add,duration_minutes,seasons
s1,Movie,The Dream,Sofia Alvarez,"Wei Novak, Maria Patel, Grace Lee",Germany,2021-08-15,2002,TV-Y,74 min,Documentaries,A story about ambition set in Germany.,2021,August,Documentaries,Germany,19,74.0,
s2,Movie,Endless Journey,Hugo Fischer,"Grace Patel, Grace Ahmed, Carlos Khan",Spain,2019-07-24,2018,TV-MA,167 min,Reality TV,A story about war set in Spain.,2019,July,Reality TV,Spain,1,167.0,
s3,Movie,Secret Storm,Alicia Wren,"Carlos Garcia, Aiko Brown",Japan,2019-09-28,2019,TV-MA,163 min,"Action & Adventure, Sci-Fi & Fantasy",A story about identity set in Japan.,2019,September,Action & Adventure,Japan,0,163.0,
s4,Movie,Midnight Horizon,Emily Carter,"Grace Garcia, John Patel, Fatima Kowalski",France,2017-08-11,2002,TV-14,118 min,"Sci-Fi & Fantasy, Anime",A story about war set in France.,2017,August,Sci-Fi & Fantasy,France,15,118.0,
s5,Movie,Golden Legacy,Kenji Watanabe,"Elena Patel, Wei Ahmed",Mexico,2016-10-31,2007,TV-Y7,118 min,"Romantic Movies, Anime",A story about war set in Mexico.,2016,October,Romantic Movies,Mexico,9,118.0,
s6,TV Show,The Legacy,Not Given,"Carlos Muller, Maria Khan, Tom Dubois, Tom Novak",Japan,2020-08-06,2006,TV-Y,6 Season,"International Movies, Action & Adventure",A story about family set in Japan.,2020,August,International Movies,Japan,14,,6.0
s7,TV Show,Broken Horizon,Not Given,"Wei Ahmed, Nina Garcia, Omar Smith",Egypt,2016-09-18,2003,TV-PG,7 Seasons,"Documentaries, Kids TV, Sci-Fi & Fantasy",A story about friendship set in Egypt.,2016,September,Documentaries,Egypt,13,,7.0
s8,Movie,Rising Journey,Alicia Wren,"Omar Patel, Aiko Garcia, Liam Kim, Wei Rossi",United States,2020-08-12,2008,TV-PG,134 min,Horror Movies,A story about ambition set in United States.,2020,August,Horror Movies,United States,12,134.0,
s9,Movie,Last Code,Hugo Fischer,"Elena Silva, Nina Smith",India,2018-06-13,2011,R,77 min,Documentaries,A story about betrayal set in India.,2018,June,Documentaries,India,7,77.0,
s10,TV Show,A Code,Not Given,"Raj Rossi, Yusuf Chen, Liam Ahmed",Egypt,2020-03-09,2019,R,5 Seasons,"Kids TV, Sports Movies, International Movies",A story about identity set in Egypt.,2020,March,Kids TV,Egypt,1,,5.0
s11,TV Show,Golden Heart,Not Given,"Maria Khan, Fatima Garcia, Aiko Smith, Elena Ahmed, Fatima Dubois",Canada,2015-10-18,2000,TV-MA,2 Season,Anime,A story about betrayal set in Canada.,2015,October,Anime,Canada,15,,2.0
s12,Movie,Midnight Heart,Sofia Alvarez,"Grace Lee, Tom Dubois, Elena Rossi",Canada,2019-07-26,2015,R,82 min,Reality TV,A story about war set in Canada.,2019,July,Reality TV,Canada,4,82.0,
s13,Movie,Silent Journey,Alicia Wren,"Carlos Novak, Aiko Kowalski",Egypt,2017-10-15,2003,R,94 min,"Sci-Fi & Fantasy, Documentaries, Kids TV",A story about survival set in Egypt.,2017,October,Sci-Fi & Fantasy,Egypt,14,94.0,
s14,Movie,Secret Shadow,Priya Sharma,"John Patel, Yusuf Brown",United States,2017-08-26,2002,TV-PG,122 min,"Docuseries, Action & Adventure",A story about identity set in United States.,2017,August,Docuseries,United States,15,122.0,
s15,TV Show,Last City (Season 4),Not Given,"Tom Kowalski, Omar Rossi, Liam Kim, Grace Novak",Nigeria,2020-09-17,2017,TV-Y7,2 Season,Comedies,A story about love set in Nigeria.,2020,September,Comedies,Nigeria,3,,2.0
s16,TV Show,The Journey,Not Given,"John Ahmed, Maria Brown, Wei Garcia",Australia,2017-08-21,2002,TV-Y,1 Seasons,"Romantic Movies, Horror Movies, Sci-Fi & Fantasy",A story about love set in Australia.,2017,August,Romantic Movies,Australia,15,,1.0
s17,Movie,Broken Horizon,Not Given,"Tom Muller, Fatima Patel, Grace Silva, Fatima Muller",South Korea,2018-05-13,2004,TV-Y7,110 min,Dramas,A story about friendship set in South Korea.,2018,May,Dramas,South Korea,14,110.0,
s18,Movie,Endless Shadow,Alicia Wren,"Yusuf Muller, Wei Lee, Aiko Lee",India,2019-02-22,2007,PG-13,90 min,"Horror Movies, Docuseries",A story about love set in India.,2019,February,Horror Movies,India,12,90.0,
s19,Movie,Rising Dream,Alicia Wren,"Liam Garcia, Tom Garcia, Grace Ahmed",United Kingdom,2018-02-28,2008,G,96 min,"Anime, Action & Adventure, Docuseries",A story about family set in United Kingdom.,2018,February,Anime,United Kingdom,10,96.0,
s20,Movie,Midnight Journey,Alicia Wren,"Sara Muller, John Smith, Aiko Kowalski, Wei Patel, Liam Chen",Mexico,2021-03-09,2014,TV-Y,141 min,Action & Adventure,A story about betrayal set in Mexico.,2021,March,Action & Adventure,Mexico,7,141.0,
s21,TV Show,Last Code (Season 3),Not Given,"Carlos Chen, John Muller, Aiko Lee",Italy,2019-01-05,2001,R,6 Season,Sports Movies,A story about identity set in Italy.,2019,January,Sports Movies,Italy,18,,6.0
s22,TV Show,Last Legacy,Not Given,"Tom Kim, John Chen, Grace Lee",Japan,2017-10-13,2013,PG-13,2 Seasons,Stand-Up Comedy,A story about love set in Japan.,2017,October,Stand-Up Comedy,Japan,4,,2.0
s23,TV Show,Secret Legacy,Not Given,"Aiko Muller, Sara Kowalski, Sara Khan, Fatima Smith, Raj Khan",South Korea,2018-02-15,2010,TV-14,7 Season,"Stand-Up Comedy, Anime, Reality TV",A story about war set in South Korea.,2018,February,Stand-Up Comedy,South Korea,8,,7.0
s24,TV Show,A Dream (Season 3),Not Given,"Maria Dubois, Carlos Silva",Mexico,2019-11-23,2010,G,5 Season,"Kids TV, International Movies, Dramas",A story about identity set in Mexico.,2019,November,Kids TV,Mexico,9,,5.0
s25,Movie,Rising Legacy,Emily Carter,"Maria Patel, Tom Silva, Elena Silva, Raj Brown, Maria Novak",Italy,2020-09-08,2009,PG-13,155 min,"Anime, Kids TV",A story about family set in Italy.,2020,September,Anime,Italy,11,155.0,
s26,Movie,Secret City,David Okafor,"Elena Dubois, Liam Kim, Yusuf Brown",United States,2018-03-21,2009,R,125 min,"Anime, Romantic Movies, Sci-Fi & Fantasy",A story about friendship set in United States.,2018,March,Anime,United States,9,125.0,
s27,Movie,Rising Heart,Marcus Lee,"Liam Ahmed, Raj Patel",Australia,2016-01-18,2010,R,156 min,"Romantic Movies, Stand-Up Comedy",A story about ambition set in Australia.,2016,January,Romantic Movies,Australia,6,156.0,
s29,TV Show,A City,Not Given,"John Ahmed, Fatima Lee, Sara Garcia, Nina Chen, Omar Rossi",Brazil,2019-07-23,2016,TV-Y7,5 Seasons,"Reality TV, Docuseries, Crime TV Shows",A story about friendship set in Brazil.,2019,July,Reality TV,Brazil,3,,5.0
s30,TV Show,Silent Heart,Not Given,"Sara Patel, Liam Kowalski, Omar Ahmed",Spain,2020-09-01,2020,PG-13,4 Season,"Romantic Movies, International Movies",A story about war set in Spain.,2020,September,Romantic Movies,Spain,0,,4.0
s31,Movie,Rising Shadow,Marcus Lee,"Fatima Kim, Grace Chen, Grace Khan",India,2019-07-28,2013,PG,139 min,"Reality TV, Dramas",A story about ambition set in India.,2019,July,Reality TV,India,6,139.0,
s32,TV Show,Broken Horizon,Not Given,"Sara Lee, Omar Dubois",South Korea,2015-01-25,2015,PG,3 Seasons,"Romantic Movies, Docuseries",A story about ambition set in South Korea.,2015,January,Romantic Movies,South Korea,0,,3.0
s33,Movie,Silent Journey,David Okafor,"Raj Patel, Omar Kim, Grace Chen, Sara Rossi",Italy,2020-12-27,2004,TV-MA,120 min,"Dramas, Comedies, Anime",A story about identity set in Italy.,2020,December,Dramas,Italy,16,120.0,
s34,Movie,Silent Kingdom,Rajiv Menon,"Carlos Silva, Fatima Rossi, Aiko Silva, Omar Lee",South Korea,2019-09-23,2008,PG-13,176 min,Docuseries,A story about love set in South Korea.,2019,September,Docuseries,South Korea,11,176.0,
s35,TV Show,The Storm,Not Given,"Omar Patel, John Kowalski",United States,2017-03-27,2007,TV-MA,5 Season,Docuseries,A story about betrayal set in United States.,2017,March,Docuseries,United States,10,,5.0
s36,Movie,Secret Heart,Kenji Watanabe,"Wei Dubois, Elena Novak, Grace Garcia, Omar Brown",United Kingdom,2016-03-18,2009,G,73 min,"Stand-Up Comedy, Kids TV",A story about ambition set in United Kingdom.,2016,March,Stand-Up Comedy,United Kingdom,7,73.0,
s37,Movie,Secret Shadow,Kenji Watanabe,"Omar Dubois, Omar Smith",Japan,2019-05-28,2017,PG,78 min,"Anime, Dramas, Reality TV",A story about identity set in Japan.,2019,May,Anime,Japan,2,78.0,
s38,TV Show,A City,Not Given,"Grace Chen, Carlos Chen, Grace Ahmed, Raj Muller, Elena Kowalski",Italy,2021-05-06,2017,TV-Y7,4 Season,"Crime TV Shows, Thrillers, Reality TV",A story about ambition set in Italy.,2021,May,Crime TV Shows,Italy,4,,4.0
s39,TV Show,A Dream,Not Given,"Omar Rossi, Elena Dubois, Raj Kim",Japan,2020-07-17,2000,PG,2 Season,"Crime TV Shows, Thrillers",A story about family set in Japan.,2020,July,Crime TV Shows,Japan,20,,2.0
s40,TV Show,Midnight Code (Season 2),Not Given,"Fatima Novak, Carlos Rossi",Germany,2020-05-04,2007,TV-Y7,4 Seasons,Horror Movies,A story about ambition set in Germany.,2020,May,Horror Movies,Germany,13,,4.0
s41,Movie,Secret Dream,Not Given,"Nina Ahmed, Yusuf Silva, Carlos Novak, Yusuf Silva",Japan,2018-01-14,2014,PG-13,102 min,Action & Adventure,A story about ambition set in Japan.,2018,January,Action & Adventure,Japan,4,102.0,
s42,Movie,Rising Kingdom,Sofia Alvarez,"Grace Rossi, Liam Novak, Elena Kowalski",Germany,2019-10-17,2019,TV-14,176 min,Horror Movies,A story about ambition set in Germany.,2019,October,Horror Movies,Germany,0,176.0,
s43,Movie,Midnight Journey,Hugo Fischer,"Liam Smith, John Ahmed, Liam Novak",United Kingdom,2021-05-17,2020,TV-14,71 min,"Horror Movies, Romantic Movies, Sci-Fi & Fantasy",A story about friendship set in United Kingdom.,2021,May,Horror Movies,United Kingdom,1,71.0,
s44,Movie,The Dream,Priya Sharma,"Sara Garcia, Carlos Rossi",India,2021-07-13,2018,TV-MA,89 min,Horror Movies,A story about betrayal set in India.,2021,July,Horror Movies,India,3,89.0,
s45,TV Show,A Code,Not Given,"Omar Ahmed, Carlos Rossi, Tom Rossi",France,2020-05-28,2018,PG-13,5 Seasons,"Action & Adventure, Stand-Up Comedy, Docuseries",A story about ambition set in France.,2020,May,Action & Adventure,France,2,,5.0
s46,Movie,A Kingdom,Sofia Alvarez,"Yusuf Garcia, Wei Smith, Carlos Rossi",Mexico,2020-04-26,2019,PG-13,74 min,Horror Movies,A story about family set in Mexico.,2020,April,Horror Movies,Mexico,1,74.0,
s47,TV Show,Silent Shadow,Not Given,"Omar Kowalski, Raj Dubois, Raj Kowalski, Tom Khan",South Korea,2021-02-08,2003,R,6 Season,"International Movies, Comedies",A story about love set in South Korea.,2021,February,International Movies,South Korea,18,,6.0
s48,Movie,Midnight Horizon,Not Given,"Nina Garcia, Nina Novak, Liam Novak, Carlos Muller",Germany,2019-10-09,2017,TV-Y7,80 min,"Comedies, Sci-Fi & Fantasy, Kids TV",A story about war set in Germany.,2019,October,Comedies,Germany,2,80.0,
s49,Movie,The Shadow,Sofia Alvarez,"Omar Patel, Sara Muller",Australia,2016-12-18,2001,TV-Y7,136 min,"Sci-Fi & Fantasy, Docuseries, International Movies",A story about survival set in Australia.,2016,December,Sci-Fi & Fantasy,Australia,15,136.0,
s50,TV Show,Broken Heart,Not Given,"Aiko Kim, Aiko Silva, Raj Garcia, Sara Chen, Aiko Kim",Mexico,2018-03-26,2015,TV-Y,7 Seasons,Sci-Fi & Fantasy,A story about betrayal set in Mexico.,2018,March,Sci-Fi & Fantasy,Mexico,3,,7.0
s51,Movie,Golden Shadow,David Okafor,"Raj Brown, Yusuf Rossi",South Korea,2017-02-07,2001,NR,116 min,"Docuseries, Anime, Romantic Movies",A story about love set in South Korea.,2017,February,Docuseries,South Korea,16,116.0,
s52,Movie,Rising Kingdom,Kenji Watanabe,"Tom Novak, Nina Garcia, John Patel, Elena Kowalski, Fatima Novak",United Kingdom,2021-03-06,2009,TV-MA,140 min,"Documentaries, Action & Adventure",A story about betrayal set in United Kingdom.,2021,March,Documentaries,United Kingdom,12,140.0,
s53,Movie,A Kingdom,Priya Sharma,"Yusuf Novak, Liam Kim, Sara Rossi, Nina Khan",Spain,2017-10-24,2017,TV-Y,94 min,"International Movies, Reality TV, Comedies",A story about family set in Spain.,2017,October,International Movies,Spain,0,94.0,
s54,TV Show,Broken Storm,Not Given,"Sara Smith, Liam Novak, Liam Brown, Elena Dubois",Brazil,2016-08-31,2015,TV-Y7,5 Season,"Stand-Up Comedy, Romantic Movies",A story about war set in Brazil.,2016,August,Stand-Up Comedy,Brazil,1,,5.0
s55,TV Show,Secret Horizon,Not Given,"John Silva, Grace Rossi, Grace Lee, Omar Kim, Carlos Patel",Nigeria,2020-06-04,2020,TV-Y7,1 Season,"Anime, Reality TV, Comedies",A story about friendship set in Nigeria.,2020,June,Anime,Nigeria,0,,1.0
s56,Movie,Silent Journey,Marcus Lee,"Sara Patel, Wei Garcia, Nina Kowalski, Liam Silva, Elena Novak",South Korea,2020-03-23,2020,PG,179 min,"Stand-Up Comedy, Thrillers, Anime",A story about friendship set in South Korea.,2020,March,Stand-Up Comedy,South Korea,0,179.0,
s57,TV Show,The Horizon (Season 3),Not Given,"Grace Garcia, Carlos Garcia, Omar Patel",Mexico,2019-12-23,2003,TV-PG,6 Season,Comedies,A story about war set in Mexico.,2019,December,Comedies,Mexico,16,,6.0
s58,TV Show,Midnight Storm,Not Given,"Fatima Ahmed, Carlos Dubois, Raj Kowalski",United Kingdom,2016-12-18,2005,TV-14,5 Seasons,"Romantic Movies, Docuseries, Horror Movies",A story about survival set in United Kingdom.,2016,December,Romantic Movies,United Kingdom,11,,5.0
s59,Movie,Midnight Heart,Kenji Watanabe,"Tom Kowalski, Nina Lee",France,2021-05-20,2021,TV-PG,79 min,"Sports Movies, Horror Movies",A story about family set in France.,2021,May,Sports Movies,France,0,79.0,
s60,Movie,Broken Dream,Priya Sharma,"Fatima Kim, Sara Rossi, Maria Khan, Carlos Dubois",Japan,2019-08-29,2018,PG-13,72 min,"Stand-Up Comedy, International Movies, Dramas",A story about love set in Japan.,2019,August,Stand-Up Comedy,Japan,1,72.0,
s61,TV Show,Silent Dream,Not Given,"Elena Kowalski, Aiko Khan, Raj Khan",Australia,2016-07-14,2008,TV-14,6 Seasons,"Sci-Fi & Fantasy, Dramas",A story about war set in Australia.,2016,July,Sci-Fi & Fantasy,Australia,8,,6.0
s62,TV Show,A Dream,Not Given,"Wei Khan, Wei Kowalski, Yusuf Lee, Aiko Ahmed, Yusuf Lee",France,2017-11-18,2005,TV-Y7,7 Season,"Action & Adventure, Romantic Movies",A story about betrayal set in France.,2017,November,Action & Adventure,France,12,,7.0
s63,Movie,Secret City,Hugo Fischer,"Maria Kowalski, Carlos Smith, Liam Ahmed, Maria Rossi",Japan,2021-07-11,2021,PG-13,144 min,"Sports Movies, Comedies",A story about ambition set in Japan.,2021,July,Sports Movies,Japan,0,144.0,
s64,Movie,Endless Code,Emily Carter,"Raj Garcia, Raj Brown, Nina Lee",Mexico,2019-07-31,2009,TV-14,87 min,Comedies,A story about family set in Mexico.,2019,July,Comedies,Mexico,10,87.0,
s65,TV Show,A Shadow,Not Given,"Carlos Rossi, Aiko Patel, Grace Novak",Germany,2021-08-02,2013,TV-PG,4 Seasons,"Reality TV, International Movies",A story about love set in Germany.,2021,August,Reality TV,Germany,8,,4.0
s66,TV Show,Secret Heart,Not Given,"Sara Silva, Maria Patel, Aiko Ahmed",Italy,2021-01-02,2020,TV-MA,4 Season,Sci-Fi & Fantasy,A story about betrayal set in Italy.,2021,January,Sci-Fi & Fantasy,Italy,1,,4.0
s67,Movie,Endless Journey,Rajiv Menon,"Fatima Chen, Omar Dubois, Fatima Garcia, Sara Kowalski",Germany,2021-07-29,2006,R,174 min,Anime,A story about survival set in Germany.,2021,July,Anime,Germany,15,174.0,
s68,TV Show,Endless Journey,Not Given,"Wei Ahmed, Liam Kowalski, Wei Garcia",Brazil,2016-06-23,2000,TV-MA,3 Seasons,Anime,A story about love set in Brazil.,2016,June,Anime,Brazil,16,,3.0
s69,Movie,The Kingdom,David Okafor,"Grace Garcia, Nina Rossi",Nigeria,2020-10-03,2011,G,83 min,"Romantic Movies, Horror Movies",A story about love set in Nigeria.,2020,October,Romantic Movies,Nigeria,9,83.0,
s70,TV Show,Rising Dream,Not Given,"John Rossi, Sara Kim",South Korea,2021-01-28,2021,TV-Y7,6 Seasons,Documentaries,A story about war set in South Korea.,2021,January,Documentaries,South Korea,0,,6.0
s71,Movie,A Kingdom,Kenji Watanabe,"Carlos Dubois, Yusuf Muller, Nina Ahmed, Elena Kim",India,2021-03-08,2003,R,125 min,"Romantic Movies, Kids TV",A story about war set in India.,2021,March,Romantic Movies,India,18,125.0,
s72,TV Show,Broken City,Not Given,"Carlos Silva, Raj Muller, Aiko Chen, Raj Lee",Spain,2016-01-09,2002,TV-14,1 Season,"Sports Movies, Stand-Up Comedy, Documentaries",A story about love set in Spain.,2016,January,Sports Movies,Spain,14,,1.0
s73,Movie,Rising Code,Emily Carter,"Carlos Silva, Sara Patel",Nigeria,2015-07-30,2013,PG-13,146 min,"Sports Movies, Comedies",A story about ambition set in Nigeria.,2015,July,Sports Movies,Nigeria,2,146.0,
s74,Movie,Silent Legacy,Alicia Wren,"Sara Ahmed, Aiko Garcia, Omar Muller, Elena Khan",Nigeria,2021-04-16,2013,G,148 min,"Dramas, Horror Movies, Anime",A story about family set in Nigeria.,2021,April,Dramas,Nigeria,8,148.0,
s75,Movie,Midnight Dream,Emily Carter,"John Chen, Sara Chen, Elena Patel, Carlos Garcia",United Kingdom,2020-02-01,2020,TV-14,165 min,"Kids TV, Docuseries, Sci-Fi & Fantasy",A story about friendship set in United Kingdom.,2020,February,Kids TV,United Kingdom,0,165.0,
s76,Movie,Golden Dream,Emily Carter,"Tom Smith, Wei Chen",Nigeria,2019-02-20,2019,TV-14,104 min,"Reality TV, Romantic Movies",A story about friendship set in Nigeria.,2019,February,Reality TV,Nigeria,0,104.0,
s77,Movie,Secret Code,Alicia Wren,"Carlos Garcia, Liam Patel, Raj Dubois, Nina Ahmed",Brazil,2015-07-06,2009,R,120 min,"Comedies, Dramas, Action & Adventure",A story about family set in Brazil.,2015,July,Comedies,Brazil,6,120.0,
s78,TV Show,Last Dream,Not Given,"John Rossi, Grace Kim",United Kingdom,2019-04-07,2004,NR,6 Season,"Sports Movies, Comedies, Kids TV",A story about love set in United Kingdom.,2019,April,Sports Movies,United Kingdom,15,,6.0
s79,Movie,Silent Shadow,Emily Carter,"Elena Kim, Grace Patel, Carlos Muller, Maria Kim, John Silva",United Kingdom,2020-04-16,2019,PG,81 min,"Action & Adventure, Docuseries",A story about identity set in United Kingdom.,2020,April,Action & Adventure,United Kingdom,1,81.0,
s80,Movie,Rising Shadow,David Okafor,"Grace Silva, Fatima Silva, Omar Chen, Maria Ahmed",Brazil,2020-12-13,2003,NR,94 min,"Sports Movies, Docuseries",A story about survival set in Brazil.,2020,December,Sports Movies,Brazil,17,94.0,
s81,Movie,Last Dream,Sofia Alvarez,"Elena Chen, Omar Kowalski, Raj Garcia",United Kingdom,2021-05-20,2020,TV-Y7,166 min,"Sci-Fi & Fantasy, Anime, Horror Movies",A story about war set in United Kingdom.,2021,May,Sci-Fi & Fantasy,United Kingdom,1,166.0,
s82,TV Show,Golden Kingdom,Not Given,"Nina Patel, Liam Kowalski, Liam Dubois, John Silva, Yusuf Garcia",France,2020-01-26,2014,TV-MA,1 Season,"Documentaries, Anime",A story about betrayal set in France.,2020,January,Documentaries,France,6,,1.0
s83,Movie,Rising City,Priya Sharma,"Nina Lee, Omar Dubois",Brazil,2018-08-09,2006,G,130 min,"International Movies, Dramas, Romantic Movies",A story about betrayal set in Brazil.,2018,August,International Movies,Brazil,12,130.0,
s84,TV Show,Golden Shadow,Not Given,"John Khan, Grace Rossi, Nina Ahmed",Germany,2019-06-12,2019,PG,3 Seasons,"Reality TV, Stand-Up Comedy",A story about war set in Germany.,2019,June,Reality TV,Germany,0,,3.0
s85,Movie,The Storm,Alicia Wren,"Maria Ahmed, Raj Kim, Liam Muller, Grace Brown",Brazil,2021-06-13,2019,TV-PG,112 min,International Movies,A story about war set in Brazil.,2021,June,International Movies,Brazil,2,112.0,
s86,Movie,Broken Kingdom,Not Given,"Liam Ahmed, Carlos Patel",Nigeria,2016-06-07,2010,NR,81 min,"Reality TV, Crime TV Shows, Thrillers",A story about love set in Nigeria.,2016,June,Reality TV,Nigeria,6,81.0,
s87,Movie,Last Legacy,Emily Carter,"Fatima Khan, Wei Chen, Maria Muller, Sara Kowalski, Maria Ahmed",Nigeria,2021-02-21,2017,NR,74 min,"Anime, Sci-Fi & Fantasy, Stand-Up Comedy",A story about survival set in Nigeria.,2021,February,Anime,Nigeria,4,74.0,
s88,Movie,Last Kingdom,Marcus Lee,"Grace Rossi, John Kim, Aiko Patel",Mexico,2019-12-25,2007,G,106 min,"Sci-Fi & Fantasy, Action & Adventure, Crime TV Shows",A story about ambition set in Mexico.,2019,December,Sci-Fi & Fantasy,Mexico,12,106.0,
s89,Movie,Silent Legacy,Emily Carter,"Nina Kowalski, Liam Kowalski, Carlos Ahmed, Yusuf Kim, Wei Brown",Canada,2019-05-22,2019,PG-13,76 min,"Docuseries, Reality TV, Thrillers",A story about betrayal set in Canada.,2019,May,Docuseries,Canada,0,76.0,
s90,TV Show,Rising Shadow,Not Given,"Liam Rossi, Tom Ahmed, Wei Brown",South Korea,2017-06-28,2002,TV-Y7,3 Seasons,"Comedies, Kids TV",A story about war set in South Korea.,2017,June,Comedies,South Korea,15,,3.0
s91,Movie,A Storm,Sofia Alvarez,"Aiko Lee, Maria Brown",Mexico,2020-12-09,2020,TV-PG,87 min,Horror Movies,A story about friendship set in Mexico.,2020,December,Horror Movies,Mexico,0,87.0,
s92,TV Show,Last Heart,Not Given,"Tom Garcia, John Muller",Canada,2021-02-25,2004,G,5 Season,"Romantic Movies, International Movies",A story about betrayal set in Canada.,2021,February,Romantic Movies,Canada,17,,5.0
s93,Movie,Broken Horizon,Priya Sharma,"Maria Brown, Tom Rossi",Australia,2017-02-03,2017,NR,143 min,International Movies,A story about family set in Australia.,2017,February,International Movies,Australia,0,143.0,
s94,Movie,Endless Storm,Sofia Alvarez,"Wei Patel, Raj Garcia, Yusuf Silva, Maria Ahmed, Yusuf Ahmed",Nigeria,2016-03-24,2016,TV-Y,130 min,Stand-Up Comedy,A story about war set in Nigeria.,2016,March,Stand-Up Comedy,Nigeria,0,130.0,
s95,Movie,The Storm,Alicia Wren,"Fatima Novak, Raj Patel, Maria Kowalski, Elena Novak",Nigeria,2016-06-30,2010,TV-MA,115 min,"Anime, Reality TV, Docuseries",A story about survival set in Nigeria.,2016,June,Anime,Nigeria,6,115.0,
s96,TV Show,Silent Heart,Not Given,"Maria Novak, Omar Rossi, John Muller",Canada,2017-03-28,2001,TV-MA,3 Seasons,"Stand-Up Comedy, Reality TV, Crime TV Shows",A story about friendship set in Canada.,2017,March,Stand-Up Comedy,Canada,16,,3.0
s97,Movie,Secret Dream,Emily Carter,"Sara Patel, Aiko Muller",India,2019-11-25,2011,TV-Y,165 min,"Stand-Up Comedy, Thrillers",A story about survival set in India.,2019,November,Stand-Up Comedy,India,8,165.0,
s98,Movie,Silent Storm,Hugo Fischer,"Omar Garcia, Grace Kim, Maria Kim, Elena Brown",United Kingdom,2018-08-25,2017,PG,83 min,Anime,A story about family set in United Kingdom.,2018,August,Anime,United Kingdom,1,83.0,
s99,Movie,Endless City,Marcus Lee,"Aiko Rossi, John Novak, Sara Lee, Aiko Dubois, Carlos Muller",Brazil,2015-11-04,2001,TV-Y,116 min,"Thrillers, Dramas, Documentaries",A story about friendship set in Brazil.,2015,November,Thrillers,Brazil,14,116.0,
s100,Movie,A Legacy,Emily Carter,"Carlos Dubois, John Dubois, Wei Patel, Nina Silva",Japan,2015-11-11,2014,G,87 min,"Sports Movies, Kids TV, Thrillers",A story about family set in Japan.,2015,November,Sports Movies,Japan,1,87.0,
s101,Movie,A Journey,Marcus Lee,"Yusuf Kim, Tom Ahmed, Maria Muller, Omar Muller, Grace Rossi",Canada,2019-10-20,2019,TV-Y7,95 min,International Movies,A story about betrayal set in Canada.,2019,October,International Movies,Canada,0,95.0,
s102,Movie,Silent Shadow,Emily Carter,"Grace Garcia, Yusuf Ahmed, Liam Lee, Liam Brown",United Kingdom,2020-06-27,2020,PG,135 min,Action & Adventure,A story about ambition set in United Kingdom.,2020,June,Action & Adventure,United Kingdom,0,135.0,
s103,TV Show,Secret Heart (Season 3),Not Given,"Omar Ahmed, Wei Dubois, Tom Garcia, Maria Muller, Carlos Novak",Mexico,2020-11-23,2015,TV-Y,7 Season,"Documentaries, Docuseries, Thrillers",A story about betrayal set in Mexico.,2020,November,Documentaries,Mexico,5,,7.0
s104,Movie,Rising Storm,Marcus Lee,"Omar Chen, Carlos Ahmed, Tom Brown",United States,2020-10-23,2003,TV-PG,108 min,Thrillers,A story about war set in United States.,2020,October,Thrillers,United States,17,108.0,
s105,TV Show,Secret Storm,Not Given,"Sara Garcia, Liam Khan, Raj Ahmed, Liam Chen",Brazil,2020-12-25,2009,TV-14,5 Seasons,"International Movies, Documentaries, Anime",A story about war set in Brazil.,2020,December,International Movies,Brazil,11,,5.0
s106,TV Show,Endless Journey,Not Given,"Maria Smith, Raj Kowalski",Australia,2017-05-13,2008,G,4 Seasons,Docuseries,A story about family set in Australia.,2017,May,Docuseries,Australia,9,,4.0
s107,Movie,Midnight Heart,Sofia Alvarez,"Liam Rossi, Maria Novak, John Chen, Nina Kim, Nina Rossi",Canada,2016-08-11,2010,PG,180 min,"Anime, Sports Movies, Reality TV",A story about war set in Canada.,2016,August,Anime,Canada,6,180.0,
s108,TV Show,Last Storm,Not Given,"Aiko Khan, Nina Garcia",France,2017-10-12,2014,TV-PG,1 Season,"Reality TV, Action & Adventure",A story about survival set in France.,2017,October,Reality TV,France,3,,1.0
s109,TV Show,Endless Storm (Season 2),Not Given,"Yusuf Rossi, Nina Lee, Liam Rossi, John Garcia, Carlos Ahmed",Spain,2017-05-31,2007,G,3 Season,"Docuseries, Horror Movies",A story about friendship set in Spain.,2017,May,Docuseries,Spain,10,,3.0
s112,Movie,The Journey,Marcus Lee,"Omar Rossi, Yusuf Rossi, Wei Dubois, Tom Ahmed",United Kingdom,2018-07-28,2010,TV-PG,120 min,"Horror Movies, Docuseries, Thrillers",A story about friendship set in United Kingdom.,2018,July,Horror Movies,United Kingdom,8,120.0,
s113,TV Show,Midnight Heart,Not Given,"Aiko Patel, Maria Kim, Elena Muller, Omar Lee",Mexico,2020-01-28,2020,G,4 Season,"Romantic Movies, Sports Movies, Dramas",A story about friendship set in Mexico.,2020,January,Romantic Movies,Mexico,0,,4.0
s114,Movie,Endless City,Marcus Lee,"John Dubois, Grace Garcia, Fatima Smith",Spain,2019-09-12,2010,TV-PG,122 min,"Kids TV, Docuseries, Crime TV Shows",A story about friendship set in Spain.,2019,September,Kids TV,Spain,9,122.0,
s115,TV Show,The Kingdom,Not Given,"Raj Rossi, Yusuf Kim, Aiko Chen, Nina Lee",Germany,2021-02-15,2010,PG,6 Seasons,"Crime TV Shows, Horror Movies, Romantic Movies",A story about ambition set in Germany.,2021,February,Crime TV Shows,Germany,11,,6.0
s116,TV Show,Midnight Code,Not Given,"Omar Muller, Grace Khan, Grace Novak, Nina Silva",Spain,2021-04-14,2011,PG-13,3 Season,"Stand-Up Comedy, Sci-Fi & Fantasy, Kids TV",A story about war set in Spain.,2021,April,Stand-Up Comedy,Spain,10,,3.0
s117,TV Show,Last Dream (Season 1),Not Given,"Tom Rossi, Raj Muller, Grace Rossi, Fatima Khan",Egypt,2018-07-10,2017,NR,6 Season,Romantic Movies,A story about ambition set in Egypt.,2018,July,Romantic Movies,Egypt,1,,6.0
s118,Movie,Rising Legacy,Sofia Alvarez,"Maria Kim, Aiko Novak",Spain,2016-07-17,2003,TV-MA,140 min,Reality TV,A story about friendship set in Spain.,2016,July,Reality TV,Spain,13,140.0,
s119,Movie,Secret Dream,Emily Carter,"Raj Smith, Tom Kowalski, Maria Patel, Elena Khan",Germany,2016-12-18,2001,TV-Y,177 min,Comedies,A story about identity set in Germany.,2016,December,Comedies,Germany,15,177.0,
s120,TV Show,Last Dream,Not Given,"Liam Dubois, Elena Garcia",Italy,2018-03-11,2010,TV-Y7,6 Seasons,"International Movies, Reality TV",A story about friendship set in Italy.,2018,March,International Movies,Italy,8,,6.0
s121,Movie,A Storm,Marcus Lee,"Raj Muller, Grace Chen, John Novak, Aiko Kowalski, Liam Dubois",Brazil,2016-12-19,2006,G,179 min,"Stand-Up Comedy, Reality TV, Kids TV",A story about war set in Brazil.,2016,December,Stand-Up Comedy,Brazil,10,179.0,
s122,Movie,A Kingdom,Marcus Lee,"Aiko Lee, Fatima Smith, Liam Kim, Fatima Rossi, Omar Muller",Japan,2021-07-13,2009,G,71 min,"Sports Movies, Docuseries",A story about ambition set in Japan.,2021,July,Sports Movies,Japan,12,71.0,
s123,Movie,A Heart,Kenji Watanabe,"Carlos Patel, Yusuf Lee, Tom Lee",Mexico,2016-04-25,2009,PG-13,117 min,"Romantic Movies, Action & Adventure, Documentaries",A story about friendship set in Mexico.,2016,April,Romantic Movies,Mexico,7,117.0,
s124,Movie,Endless Storm,David Okafor,"Omar Ahmed, Omar Patel, Sara Khan, Omar Khan, Raj Kowalski",Australia,2020-11-22,2002,TV-Y7,137 min,"Sports Movies, Comedies, Horror Movies",A story about betrayal set in Australia.,2020,November,Sports Movies,Australia,18,137.0,
s125,Movie,Rising Code,Sofia Alvarez,"Wei Silva, Sara Ahmed, Nina Garcia",Brazil,2021-07-16,2006,TV-Y7,81 min,"Sci-Fi & Fantasy, Stand-Up Comedy, Dramas",A story about friendship set in Brazil.,2021,July,Sci-Fi & Fantasy,Brazil,15,81.0,
s126,Movie,Broken Heart,Not Given,"Yusuf Rossi, Raj Kowalski",France,2019-06-10,2000,PG-13,174 min,Kids TV,A story about betrayal set in France.,2019,June,Kids TV,France,19,174.0,
s128,TV Show,Broken Heart,Not Given,"Carlos Garcia, Raj Patel, Sara Ahmed, Wei Patel, Sara Silva",India,2021-01-09,2005,TV-Y,5 Season,Dramas,A story about love set in India.,2021,January,Dramas,India,16,,5.0
s129,TV Show,Silent Code,Not Given,"Sara Khan, Fatima Rossi, Aiko Chen, Liam Khan, Tom Lee",Mexico,2015-05-12,2003,TV-Y,5 Seasons,Romantic Movies,A story about ambition set in Mexico.,2015,May,Romantic Movies,Mexico,12,,5.0
s130,Movie,Endless Journey,Priya Sharma,"Fatima Novak, John Kim",Spain,2021-01-19,2007,R,166 min,International Movies,A story about family set in Spain.,2021,January,International Movies,Spain,14,166.0,
s131,Movie,Endless Storm,Not Given,"Fatima Muller, Tom Chen, Raj Ahmed, Fatima Kim",France,2015-09-07,2008,NR,145 min,"Thrillers, Anime, Sci-Fi & Fantasy",A story about identity set in France.,2015,September,Thrillers,France,7,145.0,
s132,Movie,The Storm,David Okafor,"Grace Kim, Carlos Chen, Liam Kim, Wei Kowalski",Germany,2017-09-14,2015,R,108 min,"International Movies, Stand-Up Comedy, Romantic Movies",A story about love set in Germany.,2017,September,International Movies,Germany,2,108.0,
s133,Movie,Broken Code,Hugo Fischer,"Carlos Khan, Liam Khan, Aiko Patel",India,2019-02-28,2014,TV-14,138 min,"Kids TV, Dramas, International Movies",A story about identity set in India.,2019,February,Kids TV,India,5,138.0,
s134,Movie,Endless Journey,Alicia Wren,"Omar Kowalski, Elena Novak, Raj Ahmed",Canada,2017-05-05,2015,PG,108 min,Kids TV,A story about ambition set in Canada.,2017,May,Kids TV,Canada,2,108.0,
s135,TV Show,A Heart,Not Given,"Carlos Lee, Fatima Ahmed, Aiko Kowalski",France,2020-03-24,2012,NR,6 Season,"Sports Movies, Crime TV Shows",A story about friendship set in France.,2020,March,Sports Movies,France,8,,6.0
s136,Movie,Silent Storm,Sofia Alvarez,"Aiko Kim, John Dubois, Sara Khan, Grace Chen",United States,2021-03-16,2008,G,144 min,"Reality TV, International Movies, Documentaries",A story about ambition set in United States.,2021,March,Reality TV,United States,13,144.0,
s138,Movie,Rising Journey,Hugo Fischer,"Sara Brown, Maria Brown",Brazil,2015-01-27,2001,TV-Y,87 min,"Romantic Movies, Comedies, Sports Movies",A story about survival set in Brazil.,2015,January,Romantic Movies,Brazil,14,87.0,
s139,Movie,Rising Heart,Emily Carter,"Elena Patel, Raj Lee",Australia,2020-06-21,2015,TV-MA,70 min,"Reality TV, Dramas, Sci-Fi & Fantasy",A story about family set in Australia.,2020,June,Reality TV,Australia,5,70.0,
s140,Movie,Midnight Journey,Hugo Fischer,"Omar Lee, Wei Garcia, Tom Garcia, Yusuf Chen, Fatima Khan",Australia,2018-10-30,2016,PG,104 min,"Documentaries, Thrillers",A story about identity set in Australia.,2018,October,Documentaries,Australia,2,104.0,
s141,Movie,Secret Legacy,Kenji Watanabe,"Raj Brown, Raj Kowalski",United States,2019-07-19,2002,TV-Y,118 min,"Docuseries, Dramas, Anime",A story about love set in United States.,2019,July,Docuseries,United States,17,118.0,
s142,TV Show,A Heart,Not Given,"Elena Brown, Maria Lee, Yusuf Lee, John Khan",Canada,2020-08-31,2018,PG-13,1 Seasons,"Crime TV Shows, Sci-Fi & Fantasy, Docuseries",A story about love set in Canada.,2020,August,Crime TV Shows,Canada,2,,1.0
s143,Movie,Golden Journey,Sofia Alvarez,"Omar Brown, Grace Brown, Carlos Lee",India,2016-10-27,2009,G,100 min,"Stand-Up Comedy, Anime, Crime TV Shows",A story about war set in India.,2016,October,Stand-Up Comedy,India,7,100.0,
s144,Movie,Last Shadow,Hugo Fischer,"John Garcia, Carlos Khan, Sara Garcia, Aiko Dubois",Nigeria,2020-09-01,2019,TV-Y,169 min,"Dramas, Anime",A story about family set in Nigeria.,2020,September,Dramas,Nigeria,1,169.0,
s145,TV Show,Silent Heart,Not Given,"Carlos Chen, Raj Dubois, Raj Kim, Maria Kowalski, Elena Muller",Nigeria,2015-10-29,2007,TV-14,3 Season,"International Movies, Sports Movies, Kids TV",A story about war set in Nigeria.,2015,October,International Movies,Nigeria,8,,3.0
s146,Movie,A Journey,Kenji Watanabe,"Aiko Kowalski, Liam Garcia, Wei Garcia, Wei Kim, Nina Ahmed",Germany,2020-07-29,2016,TV-14,73 min,Sports Movies,A story about betrayal set in Germany.,2020,July,Sports Movies,Germany,4,73.0,
s147,Movie,Golden City,Rajiv Menon,"Carlos Kim, Omar Garcia, Grace Lee, Yusuf Lee",Canada,2020-12-03,2018,TV-PG,157 min,"Thrillers, Documentaries",A story about family set in Canada.,2020,December,Thrillers,Canada,2,157.0,
s148,Movie,Silent Kingdom,Alicia Wren,"Carlos Muller, Carlos Muller, Nina Kowalski",India,2017-10-27,2011,R,162 min,"Docuseries, Horror Movies, Sci-Fi & Fantasy",A story about ambition set in India.,2017,October,Docuseries,India,6,162.0,
s150,Movie,Broken Storm,Kenji Watanabe,"Elena Kowalski, Fatima Silva, Carlos Muller, Sara Kowalski, Carlos Silva",India,2019-02-14,2018,G,139 min,Dramas,A story about friendship set in India.,2019,February,Dramas,India,1,139.0,
s151,TV Show,Secret Heart,Not Given,"Sara Brown, Omar Kowalski",South Korea,2021-05-08,2021,TV-PG,6 Season,"International Movies, Sports Movies",A story about identity set in South Korea.,2021,May,International Movies,South Korea,0,,6.0
s152,TV Show,A Heart,Not Given,"Elena Kim, Yusuf Ahmed, Tom Lee, Sara Novak, Carlos Ahmed",United States,2021-01-08,2011,G,6 Seasons,Romantic Movies,A story about war set in United States.,2021,January,Romantic Movies,United States,10,,6.0
s153,Movie,Endless Journey,Not Given,"Omar Silva, Omar Kim, Maria Smith, Maria Muller, Fatima Ahmed",Mexico,2018-06-24,2016,TV-Y7,117 min,"Sci-Fi & Fantasy, Stand-Up Comedy",A story about survival set in Mexico.,2018,June,Sci-Fi & Fantasy,Mexico,2,117.0,
s154,Movie,The Heart,Alicia Wren,"Carlos Lee, Maria Garcia, Sara Novak, Wei Silva",France,2020-02-09,2010,R,136 min,"Sports Movies, Romantic Movies",A story about betrayal set in France.,2020,February,Sports Movies,France,10,136.0,
s155,Movie,Silent Storm,Alicia Wren,"John Kowalski, Grace Garcia, John Brown, Aiko Patel",India,2021-07-24,2021,TV-PG,164 min,Thrillers,A story about survival set in India.,2021,July,Thrillers,India,0,164.0,
s156,Movie,Broken Heart,Sofia Alvarez,"Raj Chen, Wei Patel, Raj Kim, Carlos Smith, Grace Dubois",Italy,2020-01-16,2006,G,124 min,"Dramas, Sports Movies",A story about ambition set in Italy.,2020,January,Dramas,Italy,14,124.0,
s157,Movie,A Horizon,Alicia Wren,"Aiko Silva, Fatima Rossi, Maria Muller",Brazil,2020-12-01,2015,PG,146 min,"Stand-Up Comedy, Horror Movies",A story about betrayal set in Brazil.,2020,December,Stand-Up Comedy,Brazil,5,146.0,
s158,Movie,Silent Horizon,Marcus Lee,"Tom Dubois, Elena Garcia, Raj Chen, Aiko Garcia",Canada,2016-04-24,2009,TV-PG,117 min,"International Movies, Crime TV Shows, Kids TV",A story about identity set in Canada.,2016,April,International Movies,Canada,7,117.0,
s159,Movie,Endless City,David Okafor,"Nina Patel, Yusuf Novak, Tom Patel",Italy,2021-03-22,2005,TV-PG,132 min,"International Movies, Documentaries",A story about war set in Italy.,2021,March,International Movies,Italy,16,132.0,
s160,TV Show,Endless Journey,Not Given,"Nina Chen, Fatima Brown",South Korea,2019-11-02,2017,TV-Y7,4 Seasons,"Sci-Fi & Fantasy, Romantic Movies",A story about survival set in South Korea.,2019,November,Sci-Fi & Fantasy,South Korea,2,,4.0
s161,Movie,The Legacy,Kenji Watanabe,"Liam Khan, Yusuf Muller",United Kingdom,2021-05-05,2014,TV-Y7,140 min,"Action & Adventure, Horror Movies, Comedies",A story about family set in United Kingdom.,2021,May,Action & Adventure,United Kingdom,7,140.0,
s162,TV Show,Golden Code,Not Given,"Omar Novak, Nina Ahmed",Canada,2016-02-24,2013,R,3 Seasons,Sci-Fi & Fantasy,A story about family set in Canada.,2016,February,Sci-Fi & Fantasy,Canada,3,,3.0
s163,Movie,A Heart,Alicia Wren,"Fatima Kowalski, Grace Dubois, Grace Silva",Egypt,2020-10-09,2019,TV-Y,91 min,"International Movies, Stand-Up Comedy, Action & Adventure",A story about ambition set in Egypt.,2020,October,International Movies,Egypt,1,91.0,
s165,TV Show,Last Legacy (Season 3),Not Given,"Omar Brown, Raj Kim, Nina Chen",Australia,2020-10-02,2020,TV-Y,4 Season,"Documentaries, Kids TV, Crime TV Shows",A story about family set in Australia.,2020,October,Documentaries,Australia,0,,4.0
s166,TV Show,Golden Heart,Not Given,"Elena Smith, Sara Kowalski, Sara Novak, Maria Novak",Spain,2021-01-01,2020,TV-14,7 Seasons,Reality TV,A story about ambition set in Spain.,2021,January,Reality TV,Spain,1,,7.0
s167,Movie,Golden Dream,Emily Carter,"Elena Brown, Nina Kowalski, Aiko Lee",Brazil,2015-07-08,2001,TV-14,150 min,"Dramas, Comedies",A story about survival set in Brazil.,2015,July,Dramas,Brazil,14,150.0,
s168,Movie,The City,Sofia Alvarez,"Tom Patel, Liam Chen, Sara Lee",Italy,2016-01-18,2008,PG,102 min,Sports Movies,A story about survival set in Italy.,2016,January,Sports Movies,Italy,8,102.0,
s169,Movie,Midnight Legacy,David Okafor,"Grace Garcia, John Khan",Spain,2016-06-27,2002,G,98 min,"Sci-Fi & Fantasy, Dramas, Docuseries",A story about war set in Spain.,2016,June,Sci-Fi & Fantasy,Spain,14,98.0,
s170,TV Show,Broken Kingdom,Not Given,"Carlos Garcia, Grace Kowalski, Maria Garcia",Japan,2018-05-10,2011,TV-PG,4 Seasons,International Movies,A story about betrayal set in Japan.,2018,May,International Movies,Japan,7,,4.0
s171,Movie,The Horizon,Marcus Lee,"Aiko Novak, Fatima Patel, Grace Chen, Tom Kim, Elena Patel",Spain,2015-12-22,2006,TV-14,87 min,Stand-Up Comedy,A story about war set in Spain.,2015,December,Stand-Up Comedy,Spain,9,87.0,
s172,TV Show,Golden Kingdom,Not Given,"Fatima Ahmed, Elena Dubois",Mexico,2019-10-19,2019,TV-MA,7 Seasons,"Kids TV, Crime TV Shows",A story about ambition set in Mexico.,2019,October,Kids TV,Mexico,0,,7.0
s173,TV Show,Midnight Journey,Not Given,"Nina Kim, Maria Khan, Nina Patel",Australia,2020-12-03,2002,TV-MA,3 Seasons,Stand-Up Comedy,A story about identity set in Australia.,2020,December,Stand-Up Comedy,Australia,18,,3.0
s174,Movie,Last Heart,Alicia Wren,"Elena Garcia, John Muller",Canada,2015-09-05,2001,TV-Y,134 min,"Reality TV, Kids TV",A story about identity set in Canada.,2015,September,Reality TV,Canada,14,134.0,
s175,Movie,Rising Code,Not Given,"Liam Garcia, Liam Garcia, Yusuf Lee",Canada,2021-01-06,2004,PG,120 min,"Documentaries, International Movies, Sports Movies",A story about identity set in Canada.,2021,January,Documentaries,Canada,17,120.0,
s176,TV Show,Secret Journey,Not Given,"Maria Rossi, Elena Dubois, John Muller, Raj Novak, Raj Novak",United Kingdom,2015-02-21,2003,TV-PG,6 Season,"Sports Movies, Crime TV Shows",A story about family set in United Kingdom.,2015,February,Sports Movies,United Kingdom,12,,6.0
s177,Movie,Last Dream,Alicia Wren,"Aiko Kowalski, Carlos Muller",Germany,2017-12-13,2002,G,150 min,Docuseries,A story about friendship set in Germany.,2017,December,Docuseries,Germany,15,150.0,
s178,Movie,The Heart,Not Given,"Aiko Chen, Liam Kowalski, Maria Lee",Australia,2021-07-05,2021,TV-14,99 min,"Dramas, Docuseries, Reality TV",A story about love set in Australia.,2021,July,Dramas,Australia,0,99.0,
s179,Movie,Silent Storm,David Okafor,"Wei Lee, Sara Smith, Yusuf Kowalski",Italy,2021-03-05,2020,R,111 min,Reality TV,A story about war set in Italy.,2021,March,Reality TV,Italy,1,111.0,
s180,Movie,A Horizon,Emily Carter,"Yusuf Patel, Tom Smith",United Kingdom,2020-10-13,2007,TV-MA,121 min,Sci-Fi & Fantasy,A story about family set in United Kingdom.,2020,October,Sci-Fi & Fantasy,United Kingdom,13,121.0,
s181,TV Show,Midnight Storm (Season 4),Not Given,"Aiko Khan, Liam Dubois",Nigeria,2017-09-20,2009,TV-Y7,3 Seasons,"Kids TV, Sports Movies",A story about ambition set in Nigeria.,2017,September,Kids TV,Nigeria,8,,3.0
s182,Movie,Broken Journey,Sofia Alvarez,"Raj Brown, Grace Lee, John Silva, John Kowalski",Brazil,2018-06-13,2012,TV-14,96 min,"Romantic Movies, Kids TV, Docuseries",A story about love set in Brazil.,2018,June,Romantic Movies,Brazil,6,96.0,
s183,TV Show,Last Dream (Season 2),Not Given,"Grace Lee, Aiko Rossi, Grace Garcia, Elena Garcia, Yusuf Chen",Brazil,2015-11-03,2012,G,5 Season,"International Movies, Action & Adventure, Docuseries",A story about family set in Brazil.,2015,November,International Movies,Brazil,3,,5.0
s184,TV Show,Broken Storm,Not Given,"Fatima Garcia, Fatima Chen, Omar Kowalski, Elena Garcia",United Kingdom,2016-11-04,2003,TV-Y7,4 Season,Sports Movies,A story about ambition set in United Kingdom.,2016,November,Sports Movies,United Kingdom,13,,4.0
s185,Movie,Silent Dream,Alicia Wren,"Wei Kowalski, Raj Muller",Egypt,2019-02-11,2019,R,176 min,"International Movies, Comedies",A story about ambition set in Egypt.,2019,February,International Movies,Egypt,0,176.0,
s186,TV Show,Broken Code (Season 3),Not Given,"Sara Chen, John Kim, Sara Rossi, Yusuf Novak",Germany,2016-01-23,2007,TV-Y7,1 Seasons,Action & Adventure,A story about love set in Germany.,2016,January,Action & Adventure,Germany,9,,1.0
s187,Movie,Secret Kingdom,Sofia Alvarez,"Aiko Patel, Raj Patel, Maria Dubois, Elena Muller, Tom Brown",India,2015-09-22,2000,R,152 min,"International Movies, Comedies",A story about war set in India.,2015,September,International Movies,India,15,152.0,
s188,Movie,Silent Journey,Marcus Lee,"Sara Novak, Carlos Rossi, John Kim, Raj Kim, Wei Silva",Canada,2018-01-31,2005,PG-13,127 min,Comedies,A story about ambition set in Canada.,2018,January,Comedies,Canada,13,127.0,
s189,Movie,Silent City,Hugo Fischer,"John Garcia, Liam Kim, Wei Kim, Fatima Patel, Tom Kowalski",Germany,2021-02-04,2007,TV-MA,118 min,"Sports Movies, Romantic Movies, Crime TV Shows",A story about friendship set in Germany.,2021,February,Sports Movies,Germany,14,118.0,
s190,Movie,Endless Code,Emily Carter,"Liam Chen, John Silva, Elena Khan, John Lee, Omar Kowalski",France,2020-04-16,2001,NR,115 min,"Romantic Movies, Documentaries, Comedies",A story about ambition set in France.,2020,April,Romantic Movies,France,19,115.0,
s191,Movie,Midnight Code,Rajiv Menon,"Elena Brown, Omar Kim, Aiko Lee",Egypt,2016-12-22,2005,R,145 min,"Sports Movies, Sci-Fi & Fantasy",A story about love set in Egypt.,2016,December,Sports Movies,Egypt,11,145.0,
s192,TV Show,Golden Horizon,Not Given,"Sara Kowalski, Tom Rossi, Yusuf Muller",United Kingdom,2015-06-05,2015,TV-14,1 Season,Dramas,A story about friendship set in United Kingdom.,2015,June,Dramas,United Kingdom,0,,1.0
s193,Movie,Endless Legacy,Marcus Lee,"Grace Chen, Tom Kowalski, Sara Brown, Aiko Smith",United States,2021-07-30,2004,TV-PG,169 min,Sports Movies,A story about betrayal set in United States.,2021,July,Sports Movies,United States,17,169.0,
s194,Movie,Broken Horizon,Alicia Wren,"Liam Silva, Wei Chen, Grace Kim, Omar Patel",Spain,2020-11-20,2020,TV-PG,160 min,"Sports Movies, Action & Adventure, Anime",A story about survival set in Spain.,2020,November,Sports Movies,Spain,0,160.0,
s195,Movie,Midnight Kingdom,Marcus Lee,"Grace Dubois, Carlos Brown",Nigeria,2018-03-08,2018,TV-PG,147 min,"Romantic Movies, Anime",A story about betrayal set in Nigeria.,2018,March,Romantic Movies,Nigeria,0,147.0,
s196,TV Show,Last Storm,Not Given,"Aiko Silva, Wei Patel, Tom Garcia",Egypt,2021-06-13,2021,PG,4 Season,Romantic Movies,A story about betrayal set in Egypt.,2021,June,Romantic Movies,Egypt,0,,4.0
s197,Movie,A Journey,Rajiv Menon,"Nina Novak, Carlos Chen, Tom Kim, Nina Lee, Carlos Silva",Germany,2016-02-20,2012,TV-Y7,170 min,"Romantic Movies, Documentaries, Docuseries",A story about betrayal set in Germany.,2016,February,Romantic Movies,Germany,4,170.0,
s198,TV Show,The Dream (Season 3),Not Given,"Maria Silva, Wei Lee",South Korea,2015-11-04,2005,NR,1 Season,"Docuseries, Sports Movies, Dramas",A story about identity set in South Korea.,2015,November,Docuseries,South Korea,10,,1.0
s199,TV Show,Last Horizon,Not Given,"John Garcia, Aiko Khan, Fatima Kim",Mexico,2021-01-18,2017,NR,3 Seasons,"Romantic Movies, Comedies",A story about love set in Mexico.,2021,January,Romantic Movies,Mexico,4,,3.0
s200,Movie,Rising Heart,Marcus Lee,"Aiko Smith, Carlos Garcia",France,2021-06-10,2021,G,131 min,Action & Adventure,A story about love set in France.,2021,June,Action & Adventure,France,0,131.0,
s201,Movie,Midnight Shadow,Priya Sharma,"Liam Kowalski, Carlos Rossi",Spain,2021-03-09,2021,TV-14,152 min,"Stand-Up Comedy, Documentaries, Thrillers",A story about identity set in Spain.,2021,March,Stand-Up Comedy,Spain,0,152.0,
s203,Movie,Broken Code,David Okafor,"Elena Lee, Fatima Rossi, Liam Garcia, Carlos Lee, Sara Novak",United States,2017-08-26,2016,TV-14,166 min,"Thrillers, Documentaries",A story about ambition set in United States.,2017,August,Thrillers,United States,1,166.0,
s204,TV Show,Last Journey,Not Given,"Fatima Brown, Raj Chen, Sara Dubois, Liam Silva, Tom Novak",Italy,2015-12-23,2002,TV-Y,5 Season,"Crime TV Shows, Docuseries",A story about friendship set in Italy.,2015,December,Crime TV Shows,Italy,13,,5.0
s205,TV Show,The Horizon,Not Given,"Maria Kim, Wei Chen, Elena Dubois, Elena Kowalski, Maria Lee",India,2018-07-26,2018,PG-13,7 Seasons,"Reality TV, International Movies",A story about identity set in India.,2018,July,Reality TV,India,0,,7.0
s206,Movie,Endless Horizon,Priya Sharma,"Wei Muller, Carlos Chen",Australia,2020-11-28,2019,TV-Y,74 min,"Anime, Sports Movies",A story about ambition set in Australia.,2020,November,Anime,Australia,1,74.0,
s208,TV Show,Golden Dream,Not Given,"Fatima Rossi, Fatima Lee",Egypt,2020-06-07,2013,NR,7 Season,Thrillers,A story about betrayal set in Egypt.,2020,June,Thrillers,Egypt,7,,7.0
s209,Movie,Rising City,Marcus Lee,"Wei Khan, Tom Brown",Canada,2017-10-18,2001,TV-MA,128 min,Sports Movies,A story about ambition set in Canada.,2017,October,Sports Movies,Canada,16,128.0,
s210,Movie,Silent Code,David Okafor,"Raj Smith, Fatima Silva",Spain,2020-04-01,2019,TV-PG,130 min,"Sports Movies, Thrillers, Documentaries",A story about family set in Spain.,2020,April,Sports Movies,Spain,1,130.0,
s211,TV Show,A Dream (Season 1),Not Given,"Sara Dubois, Omar Khan, Sara Khan",Brazil,2017-04-26,2007,PG-13,6 Season,Dramas,A story about friendship set in Brazil.,2017,April,Dramas,Brazil,10,,6.0
s212,TV Show,Last Horizon,Not Given,"Liam Dubois, Omar Muller, Grace Novak",Brazil,2019-10-02,2008,TV-Y,7 Season,"Kids TV, Romantic Movies",A story about family set in Brazil.,2019,October,Kids TV,Brazil,11,,7.0
s213,Movie,Endless City,Not Given,"John Ahmed, Raj Brown",Egypt,2021-04-18,2011,G,147 min,"Horror Movies, Anime",A story about betrayal set in Egypt.,2021,April,Horror Movies,Egypt,10,147.0,
s214,Movie,Golden Dream,Emily Carter,"Liam Patel, Grace Lee, Raj Muller, Fatima Chen",Germany,2015-08-21,2007,G,121 min,"Anime, Docuseries, Documentaries",A story about love set in Germany.,2015,August,Anime,Germany,8,121.0,
s215,Movie,Midnight Dream,David Okafor,"Carlos Novak, John Dubois, Grace Dubois, Sara Khan, Aiko Novak",Mexico,2020-12-29,2007,TV-Y7,155 min,"Horror Movies, Reality TV",A story about survival set in Mexico.,2020,December,Horror Movies,Mexico,13,155.0,
s216,TV Show,Rising Kingdom,Not Given,"Wei Novak, Liam Novak, Omar Ahmed, Omar Lee, Wei Patel",Italy,2016-01-01,2010,R,3 Season,"Reality TV, Stand-Up Comedy",A story about war set in Italy.,2016,January,Reality TV,Italy,6,,3.0
s217,Movie,Endless Dream,Priya Sharma,"Nina Smith, Sara Patel",Australia,2021-06-25,2018,TV-14,130 min,Action & Adventure,A story about identity set in Australia.,2021,June,Action & Adventure,Australia,3,130.0,
s218,Movie,Broken Journey,Marcus Lee,"Fatima Silva, Carlos Dubois, Tom Lee",Spain,2018-07-19,2004,TV-PG,169 min,Docuseries,A story about war set in Spain.,2018,July,Docuseries,Spain,14,169.0,
s219,Movie,Last Storm,Rajiv Menon,"Nina Muller, Fatima Kowalski",Nigeria,2021-06-18,2005,TV-PG,132 min,International Movies,A story about identity set in Nigeria.,2021,June,International Movies,Nigeria,16,132.0,
s220,Movie,Broken City,Priya Sharma,"John Smith, Yusuf Khan, Grace Silva, John Lee, Aiko Kowalski",Egypt,2018-02-19,2016,TV-MA,156 min,Romantic Movies,A story about ambition set in Egypt.,2018,February,Romantic Movies,Egypt,2,156.0,
s221,TV Show,Golden Dream (Season 4),Not Given,"Wei Garcia, Sara Smith, Liam Muller, Nina Novak",Germany,2020-06-20,2019,PG,4 Seasons,Anime,A story about friendship set in Germany.,2020,June,Anime,Germany,1,,4.0
s223,Movie,Midnight Code,Not Given,"Elena Smith, Raj Garcia",Brazil,2015-07-17,2000,TV-14,123 min,"Stand-Up Comedy, Comedies",A story about family set in Brazil.,2015,July,Stand-Up Comedy,Brazil,15,123.0,
s224,Movie,Last Legacy,Rajiv Menon,"Carlos Patel, Maria Patel, Yusuf Muller, Elena Dubois",Mexico,2019-09-12,2004,TV-14,135 min,"Action & Adventure, International Movies, Comedies",A story about betrayal set in Mexico.,2019,September,Action & Adventure,Mexico,15,135.0,
s225,Movie,Endless Legacy,Kenji Watanabe,"Aiko Novak, Carlos Muller, Wei Smith",Germany,2017-04-30,2015,TV-Y7,112 min,Dramas,A story about love set in Germany.,2017,April,Dramas,Germany,2,112.0,
s226,Movie,A Horizon,Priya Sharma,"Maria Kowalski, Yusuf Garcia, Grace Novak",India,2017-08-04,2008,TV-Y7,107 min,"Sci-Fi & Fantasy, Dramas",A story about betrayal set in India.,2017,August,Sci-Fi & Fantasy,India,9,107.0,
s227,TV Show,The Dream,Not Given,"Carlos Novak, Maria Garcia, Sara Kowalski, Tom Smith",United States,2016-11-29,2004,PG,3 Seasons,"Crime TV Shows, Sci-Fi & Fantasy, Sports Movies",A story about betrayal set in United States.,2016,November,Crime TV Shows,United States,12,,3.0
s228,Movie,Golden Kingdom,Alicia Wren,"Carlos Rossi, Liam Brown, Carlos Novak, Sara Rossi, Omar Kim",Brazil,2016-04-08,2005,TV-PG,159 min,"Comedies, Reality TV, Documentaries",A story about betrayal set in Brazil.,2016,April,Comedies,Brazil,11,159.0,
s229,Movie,Endless Heart,Not Given,"Wei Dubois, Carlos Kowalski, Aiko Dubois, John Brown, Raj Lee",Egypt,2020-06-01,2004,TV-Y7,84 min,"Sci-Fi & Fantasy, Dramas",A story about betrayal set in Egypt.,2020,June,Sci-Fi & Fantasy,Egypt,16,84.0,
s230,Movie,Golden Journey,Hugo Fischer,"Raj Brown, Aiko Ahmed, Yusuf Novak",Mexico,2019-04-08,2019,TV-Y,154 min,"Romantic Movies, Docuseries, Thrillers",A story about identity set in Mexico.,2019,April,Romantic Movies,Mexico,0,154.0,
s231,Movie,Rising Horizon,Rajiv Menon,"Raj Lee, Wei Ahmed",Egypt,2020-07-23,2015,TV-PG,79 min,"Anime, Action & Adventure",A story about war set in Egypt.,2020,July,Anime,Egypt,5,79.0,
s232,TV Show,The Code,Not Given,"Carlos Brown, Fatima Garcia, Nina Rossi, Omar Dubois, Nina Garcia",Egypt,2020-01-06,2015,PG,1 Seasons,"Dramas, Comedies, Kids TV",A story about identity set in Egypt.,2020,January,Dramas,Egypt,5,,1.0
s234,TV Show,A Shadow,Not Given,"John Silva, Aiko Brown, Raj Kowalski",France,2019-12-06,2017,PG,6 Season,Docuseries,A story about survival set in France.,2019,December,Docuseries,France,2,,6.0
s235,TV Show,Broken Shadow,Not Given,"Fatima Garcia, Tom Brown, Carlos Khan",Spain,2018-10-16,2006,TV-14,7 Season,"Action & Adventure, Stand-Up Comedy, Romantic Movies",A story about friendship set in Spain.,2018,October,Action & Adventure,Spain,12,,7.0
s236,Movie,Rising Kingdom,Priya Sharma,"Yusuf Novak, John Ahmed",Italy,2021-07-24,2013,TV-Y7,135 min,Thrillers,A story about survival set in Italy.,2021,July,Thrillers,Italy,8,135.0,
s237,Movie,Endless Horizon,Emily Carter,"Carlos Dubois, Tom Novak, Omar Khan, Liam Kim, Aiko Muller",Spain,2016-07-19,2004,TV-Y,147 min,"Horror Movies, Reality TV, Sports Movies",A story about war set in Spain.,2016,July,Horror Movies,Spain,12,147.0,
s238,TV Show,Rising Legacy,Not Given,"Raj Silva, Tom Patel, Wei Novak, Raj Chen",Germany,2020-11-22,2017,PG,6 Season,"Docuseries, Horror Movies",A story about identity set in Germany.,2020,November,Docuseries,Germany,3,,6.0
s239,Movie,Rising Dream,David Okafor,"Yusuf Garcia, John Kim",United Kingdom,2015-08-20,2001,R,104 min,Horror Movies,A story about family set in United Kingdom.,2015,August,Horror Movies,United Kingdom,14,104.0,
s240,Movie,The Dream,Sofia Alvarez,"Aiko Brown, Nina Garcia",Australia,2021-07-09,2021,NR,180 min,Stand-Up Comedy,A story about ambition set in Australia.,2021,July,Stand-Up Comedy,Australia,0,180.0,
s242,Movie,Last Shadow,Marcus Lee,"Grace Ahmed, Maria Kim, John Kim",France,2018-06-26,2017,TV-PG,90 min,"Crime TV Shows, Dramas, Thrillers",A story about friendship set in France.,2018,June,Crime TV Shows,France,1,90.0,
s243,TV Show,Last Journey (Season 3),Not Given,"Omar Lee, Raj Dubois",Egypt,2021-03-19,2021,TV-Y7,7 Seasons,"Documentaries, Stand-Up Comedy",A story about war set in Egypt.,2021,March,Documentaries,Egypt,0,,7.0
s244,Movie,Last Code,Alicia Wren,"Carlos Ahmed, Yusuf Kim, Maria Silva",Canada,2018-09-21,2006,PG,116 min,"Kids TV, Stand-Up Comedy",A story about friendship set in Canada.,2018,September,Kids TV,Canada,12,116.0,
s245,TV Show,The Shadow,Not Given,"Fatima Lee, Raj Dubois, Tom Dubois, Fatima Smith, Raj Lee",Japan,2016-04-09,2012,TV-Y,3 Seasons,"Dramas, Sci-Fi & Fantasy",A story about war set in Japan.,2016,April,Dramas,Japan,4,,3.0
s246,Movie,Rising Heart,Priya Sharma,"Liam Lee, Raj Khan",Japan,2016-12-03,2016,TV-14,91 min,"Dramas, Anime, Comedies",A story about ambition set in Japan.,2016,December,Dramas,Japan,0,91.0,
s247,Movie,Secret City,Alicia Wren,"Yusuf Brown, Grace Lee, Grace Kowalski",South Korea,2020-03-14,2020,TV-PG,73 min,"Anime, Dramas",A story about betrayal set in South Korea.,2020,March,Anime,South Korea,0,73.0,
s248,Movie,Last Dream,Hugo Fischer,"Elena Brown, Fatima Lee",France,2019-05-09,2013,TV-Y7,150 min,"Reality TV, Thrillers",A story about love set in France.,2019,May,Reality TV,France,6,150.0,
s249,Movie,A Code,Rajiv Menon,"Omar Novak, Elena Smith",Mexico,2019-01-05,2002,NR,83 min,"Horror Movies, Docuseries",A story about betrayal set in Mexico.,2019,January,Horror Movies,Mexico,17,83.0,
s250,Movie,Silent City,David Okafor,"Nina Chen, Yusuf Khan",United Kingdom,2021-02-13,2012,PG-13,151 min,Horror Movies,A story about war set in United Kingdom.,2021,February,Horror Movies,United Kingdom,9,151.0,
s251,TV Show,The Code,Not Given,"Maria Smith, John Dubois, Elena Kim",Germany,2017-06-24,2017,PG-13,2 Seasons,"Sports Movies, Action & Adventure, Kids TV",A story about survival set in Germany.,2017,June,Sports Movies,Germany,0,,2.0
s252,Movie,Secret Horizon,Kenji Watanabe,"Maria Chen, Raj Kowalski, Elena Brown",United States,2019-08-03,2017,NR,79 min,"Documentaries, International Movies",A story about betrayal set in United States.,2019,August,Documentaries,United States,2,79.0,
s253,Movie,Endless Heart,Emily Carter,"Wei Patel, Raj Khan, Maria Muller, Elena Garcia",Italy,2018-07-25,2006,TV-Y7,127 min,"Horror Movies, Sports Movies",A story about survival set in Italy.,2018,July,Horror Movies,Italy,12,127.0,
s254,Movie,Golden Storm,David Okafor,"John Silva, Fatima Kowalski, Fatima Novak",Mexico,2021-03-22,2020,PG-13,177 min,"International Movies, Anime",A story about war set in Mexico.,2021,March,International Movies,Mexico,1,177.0,
s255,TV Show,Silent Heart,Not Given,"Nina Ahmed, Maria Chen, Raj Dubois, Maria Brown",France,2021-01-15,2004,R,3 Seasons,"Documentaries, Sports Movies, Comedies",A story about love set in France.,2021,January,Documentaries,France,17,,3.0
s256,TV Show,The Horizon,Not Given,"Tom Smith, Yusuf Muller, Yusuf Lee",Germany,2016-08-31,2015,PG,4 Season,"Horror Movies, Documentaries, Romantic Movies",A story about betrayal set in Germany.,2016,August,Horror Movies,Germany,1,,4.0
s257,Movie,Rising Journey,Sofia Alvarez,"Omar Ahmed, Wei Rossi, Wei Chen",Australia,2018-10-27,2018,TV-Y7,115 min,Romantic Movies,A story about friendship set in Australia.,2018,October,Romantic Movies,Australia,0,115.0,
s258,Movie,Midnight Storm,Sofia Alvarez,"Raj Khan, Yusuf Lee",Nigeria,2019-05-09,2011,TV-Y7,128 min,Comedies,A story about war set in Nigeria.,2019,May,Comedies,Nigeria,8,128.0,
s259,Movie,Rising Dream,Kenji Watanabe,"Carlos Patel, Carlos Silva, Elena Patel",Italy,2020-10-17,2002,PG-13,118 min,Stand-Up Comedy,A story about war set in Italy.,2020,October,Stand-Up Comedy,Italy,18,118.0,
s260,TV Show,Golden Heart,Not Given,"Yusuf Lee, Wei Rossi",United Kingdom,2015-11-12,2007,NR,6 Season,Thrillers,A story about survival set in United Kingdom.,2015,November,Thrillers,United Kingdom,8,,6.0
s261,Movie,A Legacy,David Okafor,"Grace Garcia, Nina Patel, Nina Rossi, Fatima Dubois",United Kingdom,2021-02-24,2020,TV-MA,101 min,International Movies,A story about survival set in United Kingdom.,2021,February,International Movies,United Kingdom,1,101.0,
s262,Movie,Rising Journey,Not Given,"John Chen, Liam Lee, Wei Ahmed",South Korea,2020-07-31,2019,TV-MA,162 min,"Horror Movies, Comedies, Action & Adventure",A story about friendship set in South Korea.,2020,July,Horror Movies,South Korea,1,162.0,
s263,Movie,Silent Heart,Marcus Lee,"Sara Kim, Elena Chen, Omar Dubois",Egypt,2020-09-23,2005,PG-13,91 min,"Anime, Sci-Fi & Fantasy, Romantic Movies",A story about betrayal set in Egypt.,2020,September,Anime,Egypt,15,91.0,
s264,Movie,Broken Kingdom,Alicia Wren,"Fatima Ahmed, Sara Lee",Germany,2021-04-18,2021,TV-PG,147 min,Thrillers,A story about friendship set in Germany.,2021,April,Thrillers,Germany,0,147.0,
s265,TV Show,Endless Journey,Not Given,"Maria Rossi, Raj Chen",Italy,2020-07-06,2019,TV-MA,7 Seasons,"Reality TV, Thrillers",A story about love set in Italy.,2020,July,Reality TV,Italy,1,,7.0
s266,TV Show,Broken Legacy,Not Given,"Omar Kowalski, Carlos Silva, Elena Kowalski, Grace Lee, Omar Brown",Mexico,2018-07-20,2018,TV-Y,2 Season,Documentaries,A story about family set in Mexico.,2018,July,Documentaries,Mexico,0,,2.0
s267,Movie,Rising City,Kenji Watanabe,"John Novak, Grace Kowalski, John Dubois",Germany,2020-10-29,2003,TV-MA,118 min,"Kids TV, Sports Movies, Stand-Up Comedy",A story about war set in Germany.,2020,October,Kids TV,Germany,17,118.0,
s268,Movie,A Kingdom,David Okafor,"Liam Brown, Yusuf Kim, Elena Silva, Elena Muller",Brazil,2017-04-14,2012,TV-Y,140 min,"Docuseries, Documentaries, Thrillers",A story about friendship set in Brazil.,2017,April,Docuseries,Brazil,5,140.0,
s269,Movie,Midnight Horizon,Emily Carter,"Grace Chen, Sara Brown, Raj Garcia, Grace Khan, Nina Kowalski",Mexico,2016-02-15,2005,R,135 min,"Anime, Stand-Up Comedy",A story about love set in Mexico.,2016,February,Anime,Mexico,11,135.0,
s272,Movie,The Kingdom,Alicia Wren,"Omar Kim, Aiko Patel, Carlos Kim, Elena Khan",Germany,2015-10-09,2000,TV-14,140 min,"Sports Movies, Thrillers",A story about family set in Germany.,2015,October,Sports Movies,Germany,15,140.0,
s273,Movie,Secret Heart,David Okafor,"Liam Chen, Carlos Ahmed",India,2017-05-29,2017,NR,107 min,"Action & Adventure, Stand-Up Comedy",A story about family set in India.,2017,May,Action & Adventure,India,0,107.0,
s275,TV Show,Broken Storm,Not Given,"Grace Brown, Liam Khan",France,2019-06-23,2002,PG,1 Seasons,Docuseries,A story about war set in France.,2019,June,Docuseries,France,17,,1.0
s276,Movie,Endless Dream,Marcus Lee,"Nina Novak, Fatima Khan, Grace Khan",Egypt,2017-04-26,2008,R,95 min,Sports Movies,A story about survival set in Egypt.,2017,April,Sports Movies,Egypt,9,95.0,
s277,TV Show,A Shadow,Not Given,"Elena Smith, Omar Brown, Yusuf Smith, Sara Rossi, Aiko Dubois",Japan,2021-06-11,2015,PG-13,4 Season,"Crime TV Shows, Kids TV, Action & Adventure",A story about survival set in Japan.,2021,June,Crime TV Shows,Japan,6,,4.0
s279,Movie,Secret City,Not Given,"Aiko Silva, Elena Brown",France,2021-02-24,2005,PG-13,100 min,"Docuseries, Horror Movies",A story about war set in France.,2021,February,Docuseries,France,16,100.0,
s280,Movie,Silent City,Sofia Alvarez,"Grace Kowalski, Aiko Silva, Sara Kim, Liam Rossi, Wei Dubois",United Kingdom,2019-04-14,2018,TV-14,162 min,"Romantic Movies, Crime TV Shows",A story about identity set in United Kingdom.,2019,April,Romantic Movies,United Kingdom,1,162.0,
s281,TV Show,Secret Kingdom,Not Given,"Nina Kowalski, John Chen, Carlos Rossi",United Kingdom,2021-06-13,2020,NR,6 Season,"Horror Movies, International Movies",A story about love set in United Kingdom.,2021,June,Horror Movies,United Kingdom,1,,6.0
s282,Movie,Last Journey,Sofia Alvarez,"Nina Brown, Raj Garcia, Nina Novak, Aiko Muller",Japan,2021-04-14,2011,NR,173 min,"Sports Movies, Dramas",A story about identity set in Japan.,2021,April,Sports Movies,Japan,10,173.0,
s283,Movie,Endless Legacy,Not Given,"Omar Muller, Aiko Silva, Raj Ahmed",Spain,2015-11-18,2014,TV-Y,148 min,"Sci-Fi & Fantasy, Anime",A story about survival set in Spain.,2015,November,Sci-Fi & Fantasy,Spain,1,148.0,
s284,TV Show,Golden City,Not Given,"Sara Lee, Maria Garcia, Wei Silva, Fatima Silva, Aiko Patel",France,2019-06-08,2008,PG-13,4 Seasons,"Sci-Fi & Fantasy, Kids TV",A story about survival set in France.,2019,June,Sci-Fi & Fantasy,France,11,,4.0
s285,Movie,The Kingdom,Sofia Alvarez,"Grace Novak, Grace Garcia, Fatima Chen, Carlos Garcia",India,2020-04-22,2002,NR,76 min,Stand-Up Comedy,A story about betrayal set in India.,2020,April,Stand-Up Comedy,India,18,76.0,
s286,Movie,Endless Kingdom,Alicia Wren,"Liam Khan, Fatima Novak, Liam Rossi, Raj Chen, Wei Ahmed",Egypt,2015-04-28,2005,TV-MA,154 min,"Anime, Reality TV",A story about friendship set in Egypt.,2015,April,Anime,Egypt,10,154.0,
s287,Movie,Rising Dream,Hugo Fischer,"Wei Novak, Yusuf Chen, Elena Dubois, Nina Patel, Grace Patel",Italy,2020-06-09,2018,NR,151 min,"Horror Movies, Sci-Fi & Fantasy, Thrillers",A story about friendship set in Italy.,2020,June,Horror Movies,Italy,2,151.0,
s288,Movie,A Heart,Kenji Watanabe,"Carlos Muller, Wei Muller, John Smith, Yusuf Brown",Nigeria,2018-11-09,2004,PG-13,130 min,"Dramas, Sports Movies, Romantic Movies",A story about friendship set in Nigeria.,2018,November,Dramas,Nigeria,14,130.0,
s289,Movie,Broken Dream,Not Given,"Omar Smith, Yusuf Silva, Fatima Kim",Italy,2019-06-15,2017,TV-Y,101 min,Stand-Up Comedy,A story about identity set in Italy.,2019,June,Stand-Up Comedy,Italy,2,101.0,
s290,Movie,A City,Sofia Alvarez,"Liam Patel, Grace Ahmed, Omar Muller, Carlos Khan",Egypt,2017-01-17,2002,TV-PG,107 min,Sci-Fi & Fantasy,A story about friendship set in Egypt.,2017,January,Sci-Fi & Fantasy,Egypt,15,107.0,
s293,TV Show,The Shadow,Not Given,"Carlos Kowalski, Nina Khan, Grace Smith",Canada,2016-01-20,2014,NR,6 Seasons,"Stand-Up Comedy, Anime",A story about family set in Canada.,2016,January,Stand-Up Comedy,Canada,2,,6.0
s295,TV Show,Endless Shadow,Not Given,"John Smith, Elena Kowalski, Grace Rossi",Mexico,2019-06-08,2019,PG,7 Season,Docuseries,A story about betrayal set in Mexico.,2019,June,Docuseries,Mexico,0,,7.0
s296,TV Show,Golden Journey (Season 2),Not Given,"Wei Rossi, Fatima Silva",Germany,2020-12-21,2020,TV-Y7,6 Season,"Stand-Up Comedy, Thrillers, Sports Movies",A story about survival set in Germany.,2020,December,Stand-Up Comedy,Germany,0,,6.0
s297,Movie,The Heart,Priya Sharma,"Yusuf Novak, Nina Khan, Elena Chen, Yusuf Silva",Japan,2018-02-01,2014,G,180 min,"Thrillers, Comedies, Crime TV Shows",A story about survival set in Japan.,2018,February,Thrillers,Japan,4,180.0,
s299,Movie,Silent Code,Marcus Lee,"Aiko Kim, Raj Silva, Maria Garcia, Yusuf Patel",India,2016-06-15,2001,TV-PG,74 min,Action & Adventure,A story about friendship set in India.,2016,June,Action & Adventure,India,15,74.0,
s300,Movie,The Horizon,David Okafor,"Yusuf Dubois, Grace Dubois, Liam Smith, Aiko Khan, Elena Novak",India,2017-05-04,2000,TV-Y7,176 min,Sci-Fi & Fantasy,A story about love set in India.,2017,May,Sci-Fi & Fantasy,India,17,176.0,
s302,Movie,Last Code,Hugo Fischer,"Grace Garcia, Omar Patel, Elena Silva, Raj Rossi, Grace Patel",South Korea,2016-11-14,2003,TV-PG,140 min,"Anime, Docuseries",A story about survival set in South Korea.,2016,November,Anime,South Korea,13,140.0,
s303,Movie,Endless Heart,Emily Carter,"Yusuf Silva, Sara Silva, Carlos Kowalski, Raj Kim",Egypt,2017-09-12,2010,G,139 min,Stand-Up Comedy,A story about family set in Egypt.,2017,September,Stand-Up Comedy,Egypt,7,139.0,
s304,Movie,Silent Heart,David Okafor,"Grace Smith, Liam Dubois",United States,2017-07-07,2016,PG-13,70 min,"Romantic Movies, Action & Adventure",A story about war set in United States.,2017,July,Romantic Movies,United States,1,70.0,
s306,Movie,Secret Shadow,Emily Carter,"Wei Rossi, Sara Lee, Grace Novak, Elena Brown, Tom Garcia",Australia,2020-11-03,2020,TV-MA,163 min,"Stand-Up Comedy, Comedies, Docuseries",A story about love set in Australia.,2020,November,Stand-Up Comedy,Australia,0,163.0,
s307,TV Show,Golden Storm,Not Given,"Carlos Lee, Sara Garcia, Sara Kowalski, Fatima Novak, Raj Brown",Australia,2019-04-16,2000,TV-MA,3 Seasons,"International Movies, Thrillers",A story about ambition set in Australia.,2019,April,International Movies,Australia,19,,3.0
s308,Movie,Broken Heart,Not Given,"Fatima Kim, Liam Kowalski",South Korea,2016-06-25,2004,PG,80 min,"Comedies, Crime TV Shows",A story about identity set in South Korea.,2016,June,Comedies,South Korea,12,80.0,
s309,Movie,Broken Code,David Okafor,"Omar Chen, Nina Ahmed, Fatima Rossi",South Korea,2021-08-08,2020,R,141 min,"Romantic Movies, Action & Adventure, Comedies",A story about family set in South Korea.,2021,August,Romantic Movies,South Korea,1,141.0,
s310,TV Show,Golden Horizon (Season 4),Not Given,"Aiko Silva, Fatima Silva, Aiko Dubois, Raj Smith, Omar Muller",United Kingdom,2019-12-17,2011,G,2 Season,Kids TV,A story about war set in United Kingdom.,2019,December,Kids TV,United Kingdom,8,,2.0
s311,Movie,A Shadow,Rajiv Menon,"Elena Lee, Wei Brown, Sara Brown",France,2018-11-07,2000,TV-14,109 min,"Docuseries, Dramas",A story about war set in France.,2018,November,Docuseries,France,18,109.0,
s312,Movie,Rising Legacy,Sofia Alvarez,"Yusuf Rossi, Elena Novak, Wei Novak, Grace Patel",United States,2021-07-15,2012,NR,75 min,"Thrillers, Dramas",A story about family set in United States.,2021,July,Thrillers,United States,9,75.0,
s313,Movie,Endless Dream,Rajiv Menon,"Raj Smith, Maria Kim, Raj Muller, Raj Brown, Tom Patel",Japan,2015-03-20,2003,PG-13,153 min,"Romantic Movies, Kids TV",A story about betrayal set in Japan.,2015,March,Romantic Movies,Japan,12,153.0,
s314,TV Show,Silent Horizon,Not Given,"Fatima Ahmed, Nina Ahmed, Tom Novak",United States,2017-10-10,2001,NR,3 Season,"Thrillers, Dramas",A story about war set in United States.,2017,October,Thrillers,United States,16,,3.0
s315,TV Show,Golden Dream,Not Given,"Omar Smith, Raj Muller, Tom Kim, Tom Brown",United States,2018-07-28,2017,R,2 Season,"International Movies, Comedies",A story about identity set in United States.,2018,July,International Movies,United States,1,,2.0
s317,TV Show,Midnight Code,Not Given,"Tom Kowalski, Wei Patel, Tom Dubois, Tom Chen, Aiko Garcia",Germany,2021-01-13,2017,TV-14,2 Season,Dramas,A story about war set in Germany.,2021,January,Dramas,Germany,4,,2.0
s318,TV Show,Broken City,Not Given,"Wei Kowalski, Fatima Garcia, Wei Chen, John Kowalski",Australia,2019-10-01,2019,G,5 Seasons,"Romantic Movies, Action & Adventure, Anime",A story about love set in Australia.,2019,October,Romantic Movies,Australia,0,,5.0
s319,Movie,Silent Kingdom,Hugo Fischer,"Grace Patel, Aiko Chen, Sara Kim, Nina Rossi, Wei Chen",Canada,2015-05-13,2007,TV-Y,167 min,Crime TV Shows,A story about identity set in Canada.,2015,May,Crime TV Shows,Canada,8,167.0,
s320,Movie,Secret Legacy,Alicia Wren,"Tom Rossi, Sara Dubois, Nina Novak",Japan,2017-10-07,2014,TV-Y,121 min,Stand-Up Comedy,A story about war set in Japan.,2017,October,Stand-Up Comedy,Japan,3,121.0,
s321,Movie,Endless Horizon,Hugo Fischer,"Yusuf Garcia, Nina Rossi",Egypt,2017-10-03,2001,NR,138 min,"Comedies, Crime TV Shows",A story about identity set in Egypt.,2017,October,Comedies,Egypt,16,138.0,
s322,Movie,The Legacy,Kenji Watanabe,"Carlos Lee, Liam Kowalski, Sara Muller, Nina Chen, Carlos Muller",Australia,2020-10-18,2001,TV-PG,129 min,"Sci-Fi & Fantasy, Comedies, Sports Movies",A story about betrayal set in Australia.,2020,October,Sci-Fi & Fantasy,Australia,19,129.0,
s323,Movie,Endless Code,Marcus Lee,"Carlos Silva, Nina Smith, Wei Rossi, Elena Lee, Grace Lee",Canada,2016-01-05,2014,PG-13,111 min,"Thrillers, Sports Movies, Sci-Fi & Fantasy",A story about betrayal set in Canada.,2016,January,Thrillers,Canada,2,111.0,
s324,Movie,Silent Storm,Alicia Wren,"Grace Kowalski, Yusuf Dubois, Wei Kim, Yusuf Kim, John Kowalski",United Kingdom,2021-05-05,2010,TV-PG,90 min,Thrillers,A story about love set in United Kingdom.,2021,May,Thrillers,United Kingdom,11,90.0,
s325,Movie,Midnight Heart,Kenji Watanabe,"Maria Lee, Wei Khan, John Dubois",Nigeria,2015-02-20,2008,TV-Y7,133 min,"Dramas, Horror Movies",A story about friendship set in Nigeria.,2015,February,Dramas,Nigeria,7,133.0,
s326,Movie,Endless Heart,Priya Sharma,"Nina Garcia, Elena Dubois, John Khan, Tom Ahmed, Liam Dubois",Brazil,2021-08-07,2017,R,76 min,International Movies,A story about love set in Brazil.,2021,August,International Movies,Brazil,4,76.0,
s327,Movie,The Kingdom,Rajiv Menon,"Aiko Lee, Maria Smith, Maria Kim, Wei Chen",Brazil,2021-06-02,2009,NR,92 min,"Sports Movies, Sci-Fi & Fantasy",A story about love set in Brazil.,2021,June,Sports Movies,Brazil,12,92.0,
s328,Movie,Midnight Storm,Emily Carter,"Sara Garcia, Omar Kim, Sara Ahmed, Maria Muller, Nina Chen",India,2018-09-10,2008,NR,122 min,"Kids TV, Sports Movies, Action & Adventure",A story about love set in India.,2018,September,Kids TV,India,10,122.0,
s329,Movie,Rising Shadow,Priya Sharma,"Carlos Dubois, Sara Silva, Liam Ahmed, Elena Dubois",Japan,2021-04-23,2004,TV-Y7,136 min,"Docuseries, Romantic Movies, Stand-Up Comedy",A story about survival set in Japan.,2021,April,Docuseries,Japan,17,136.0,
s330,TV Show,Secret Dream,Not Given,"Maria Smith, Nina Patel",Nigeria,2017-04-29,2003,G,4 Season,"Sports Movies, Crime TV Shows",A story about ambition set in Nigeria.,2017,April,Sports Movies,Nigeria,14,,4.0
s331,Movie,Secret Dream,Kenji Watanabe,"Liam Muller, Yusuf Ahmed",Japan,2016-04-11,2000,PG,113 min,"Dramas, Reality TV",A story about survival set in Japan.,2016,April,Dramas,Japan,16,113.0,
s332,Movie,Golden Heart,Priya Sharma,"Raj Chen, Nina Chen",Brazil,2021-01-08,2014,PG,129 min,"Comedies, Reality TV",A story about family set in Brazil.,2021,January,Comedies,Brazil,7,129.0,
s333,Movie,Golden Code,Hugo Fischer,"Fatima Dubois, Raj Silva",Nigeria,2015-09-29,2011,TV-PG,105 min,Anime,A story about identity set in Nigeria.,2015,September,Anime,Nigeria,4,105.0,
s334,Movie,Last Horizon,Not Given,"Wei Dubois, Maria Brown, Omar Kowalski, Liam Novak, Sara Silva",Mexico,2018-01-17,2001,TV-Y,81 min,"Romantic Movies, Thrillers",A story about friendship set in Mexico.,2018,January,Romantic Movies,Mexico,17,81.0,
s336,TV Show,Rising Dream,Not Given,"Omar Brown, Maria Brown, Yusuf Patel",United Kingdom,2015-05-30,2006,TV-Y7,4 Seasons,"Action & Adventure, Dramas, International Movies",A story about love set in United Kingdom.,2015,May,Action & Adventure,United Kingdom,9,,4.0
s337,TV Show,Endless Shadow,Not Given,"Maria Ahmed, Omar Patel",Mexico,2015-04-03,2009,G,7 Season,Anime,A story about ambition set in Mexico.,2015,April,Anime,Mexico,6,,7.0
s338,Movie,Midnight Code,Emily Carter,"Raj Garcia, Liam Chen, Wei Muller, Maria Smith, Elena Ahmed",Germany,2017-04-26,2003,NR,114 min,"Anime, International Movies, Documentaries",A story about family set in Germany.,2017,April,Anime,Germany,14,114.0,
s339,Movie,Last Shadow,Kenji Watanabe,"Yusuf Rossi, John Chen, John Rossi, Tom Patel",United States,2019-04-21,2003,TV-MA,81 min,"Stand-Up Comedy, Documentaries",A story about friendship set in United States.,2019,April,Stand-Up Comedy,United States,16,81.0,
s340,Movie,Midnight Storm,Sofia Alvarez,"Tom Kowalski, Omar Rossi",Australia,2016-01-16,2004,TV-Y7,82 min,"Horror Movies, Anime",A story about friendship set in Australia.,2016,January,Horror Movies,Australia,12,82.0,
s341,Movie,Secret Kingdom,Not Given,"Tom Silva, Carlos Chen, Grace Lee, Raj Silva",Nigeria,2020-01-31,2010,TV-Y7,73 min,Docuseries,A story about betrayal set in Nigeria.,2020,January,Docuseries,Nigeria,10,73.0,
s342,Movie,Silent Kingdom,Kenji Watanabe,"Elena Dubois, Wei Ahmed, Maria Kim, Sara Novak",Nigeria,2018-08-27,2003,NR,153 min,Horror Movies,A story about friendship set in Nigeria.,2018,August,Horror Movies,Nigeria,15,153.0,
s344,TV Show,Endless Heart (Season 4),Not Given,"Yusuf Garcia, Sara Rossi, Wei Muller, Carlos Garcia",Australia,2019-04-02,2003,PG,4 Seasons,Documentaries,A story about ambition set in Australia.,2019,April,Documentaries,Australia,16,,4.0
s347,TV Show,Broken Storm,Not Given,"Carlos Kim, Yusuf Khan, Raj Chen, Nina Chen, Fatima Ahmed",South Korea,2019-09-05,2011,TV-PG,3 Seasons,"International Movies, Documentaries, Dramas",A story about betrayal set in South Korea.,2019,September,International Movies,South Korea,8,,3.0
s348,Movie,Last Heart,David Okafor,"Maria Chen, Raj Kowalski, Carlos Brown",Spain,2021-08-10,2019,TV-Y,149 min,Sci-Fi & Fantasy,A story about identity set in Spain.,2021,August,Sci-Fi & Fantasy,Spain,2,149.0,
s352,Movie,The Horizon,Kenji Watanabe,"John Patel, Nina Dubois, Wei Dubois, John Patel",France,2019-01-28,2019,PG-13,132 min,International Movies,A story about betrayal set in France.,2019,January,International Movies,France,0,132.0,
s353,TV Show,Midnight Dream (Season 3),Not Given,"Sara Muller, John Novak, Maria Dubois, Wei Lee",Australia,2020-01-04,2004,PG,7 Season,"Romantic Movies, Docuseries, Documentaries",A story about love set in Australia.,2020,January,Romantic Movies,Australia,16,,7.0
s354,Movie,A Kingdom,Not Given,"Sara Rossi, Omar Kim, Omar Kim",Canada,2021-04-23,2021,TV-PG,96 min,"Sports Movies, Dramas, Anime",A story about family set in Canada.,2021,April,Sports Movies,Canada,0,96.0,
s355,TV Show,A Journey (Season 4),Not Given,"Liam Rossi, Grace Kowalski, Tom Ahmed, Fatima Kim, Raj Novak",South Korea,2017-12-11,2015,TV-PG,5 Seasons,Horror Movies,A story about friendship set in South Korea.,2017,December,Horror Movies,South Korea,2,,5.0
s357,Movie,Secret Horizon,Sofia Alvarez,"Raj Novak, Wei Silva, Yusuf Smith, Raj Smith",Egypt,2015-02-18,2002,TV-Y,82 min,"Action & Adventure, Anime, Romantic Movies",A story about war set in Egypt.,2015,February,Action & Adventure,Egypt,13,82.0,
s358,Movie,Midnight Dream,Sofia Alvarez,"John Dubois, Maria Smith",Australia,2021-08-17,2021,R,146 min,"Action & Adventure, Sports Movies, Comedies",A story about betrayal set in Australia.,2021,August,Action & Adventure,Australia,0,146.0,
s359,TV Show,Last City,Not Given,"Tom Garcia, Grace Chen, Liam Muller",Spain,2021-08-28,2021,TV-14,6 Season,"Reality TV, Sports Movies",A story about war set in Spain.,2021,August,Reality TV,Spain,0,,6.0
s360,Movie,A Dream,Rajiv Menon,"Carlos Silva, John Muller, Sara Muller, Wei Rossi, Maria Rossi",Italy,2019-05-28,2006,TV-PG,152 min,"Action & Adventure, Documentaries",A story about identity set in Italy.,2019,May,Action & Adventure,Italy,13,152.0,
s361,Movie,A Heart,Kenji Watanabe,"John Garcia, Maria Dubois",Mexico,2020-01-01,2008,TV-MA,133 min,Dramas,A story about love set in Mexico.,2020,January,Dramas,Mexico,12,133.0,
s362,Movie,Midnight Kingdom,Emily Carter,"Elena Smith, Yusuf Novak, Omar Rossi, Nina Kim, Carlos Brown",Mexico,2021-01-21,2002,R,70 min,"Docuseries, Comedies",A story about war set in Mexico.,2021,January,Docuseries,Mexico,19,70.0,
s363,Movie,Midnight City,Rajiv Menon,"Aiko Ahmed, Sara Silva",India,2018-04-02,2014,R,92 min,"Comedies, Kids TV, Anime",A story about ambition set in India.,2018,April,Comedies,India,4,92.0,
s364,Movie,Broken Shadow,Emily Carter,"Maria Lee, Raj Rossi, Grace Khan, Wei Smith, Fatima Smith",Mexico,2019-05-04,2018,TV-Y7,119 min,Horror Movies,A story about friendship set in Mexico.,2019,May,Horror Movies,Mexico,1,119.0,
s366,TV Show,The Kingdom,Not Given,"Nina Lee, Tom Dubois",United States,2016-06-18,2007,TV-MA,2 Seasons,"Action & Adventure, Romantic Movies",A story about survival set in United States.,2016,June,Action & Adventure,United States,9,,2.0
s367,TV Show,A Shadow (Season 2),Not Given,"Omar Khan, Carlos Silva",Nigeria,2021-04-13,2021,PG,1 Seasons,"International Movies, Thrillers, Reality TV",A story about ambition set in Nigeria.,2021,April,International Movies,Nigeria,0,,1.0
s368,TV Show,Endless Kingdom,Not Given,"Liam Chen, Omar Kim",United Kingdom,2021-03-16,2011,TV-PG,4 Season,"Comedies, Documentaries, Docuseries",A story about identity set in United Kingdom.,2021,March,Comedies,United Kingdom,10,,4.0
s369,TV Show,The Heart (Season 1),Not Given,"Tom Garcia, Grace Patel, Elena Lee",France,2020-05-03,2013,TV-PG,2 Season,"Sci-Fi & Fantasy, Kids TV",A story about ambition set in France.,2020,May,Sci-Fi & Fantasy,France,7,,2.0
s371,Movie,Secret Shadow,Marcus Lee,"Nina Chen, Wei Patel, Tom Smith, John Patel, Aiko Muller",Canada,2017-10-26,2013,PG,148 min,"Comedies, Docuseries",A story about love set in Canada.,2017,October,Comedies,Canada,4,148.0,
s372,TV Show,Last Kingdom,Not Given,"Yusuf Garcia, Maria Lee, Fatima Novak, Nina Dubois, Elena Silva",South Korea,2018-08-27,2006,R,7 Season,Action & Adventure,A story about ambition set in South Korea.,2018,August,Action & Adventure,South Korea,12,,7.0
s373,TV Show,Secret City,Not Given,"Nina Dubois, Nina Smith",Italy,2016-08-16,2013,R,5 Season,"Sports Movies, Documentaries",A story about friendship set in Italy.,2016,August,Sports Movies,Italy,3,,5.0
s374,TV Show,Golden Dream,Not Given,"John Novak, Elena Smith, Liam Chen",India,2020-02-22,2014,TV-Y,2 Seasons,Horror Movies,A story about survival set in India.,2020,February,Horror Movies,India,6,,2.0
s375,TV Show,Endless Kingdom,Not Given,"Maria Kim, Sara Ahmed, Nina Brown",Canada,2020-08-27,2018,TV-Y7,3 Season,"Romantic Movies, Action & Adventure",A story about war set in Canada.,2020,August,Romantic Movies,Canada,2,,3.0
s376,Movie,Secret Horizon,Marcus Lee,"Carlos Smith, John Rossi",Mexico,2016-05-17,2016,TV-Y,137 min,"Docuseries, Stand-Up Comedy",A story about betrayal set in Mexico.,2016,May,Docuseries,Mexico,0,137.0,
s377,Movie,Secret Shadow,Hugo Fischer,"Grace Novak, Carlos Khan",United Kingdom,2018-04-26,2011,R,152 min,Dramas,A story about friendship set in United Kingdom.,2018,April,Dramas,United Kingdom,7,152.0,
s378,Movie,Last Heart,Not Given,"Nina Rossi, Omar Chen",Egypt,2017-01-27,2012,PG,150 min,"Dramas, Reality TV",A story about betrayal set in Egypt.,2017,January,Dramas,Egypt,5,150.0,
s379,Movie,Golden Code,Rajiv Menon,"Carlos Kowalski, Liam Novak, Elena Ahmed, Elena Kowalski",Canada,2021-01-21,2021,G,112 min,"Comedies, Crime TV Shows, Anime",A story about war set in Canada.,2021,January,Comedies,Canada,0,112.0,
s381,TV Show,Endless Legacy,Not Given,"Aiko Silva, Tom Muller, Yusuf Patel",South Korea,2015-08-12,2008,TV-14,3 Season,"Action & Adventure, Romantic Movies",A story about family set in South Korea.,2015,August,Action & Adventure,South Korea,7,,3.0
s382,Movie,Golden Shadow,Sofia Alvarez,"Maria Garcia, Carlos Lee, Wei Muller, Maria Garcia, Wei Muller",India,2020-07-25,2004,TV-PG,96 min,"Dramas, International Movies, Kids TV",A story about survival set in India.,2020,July,Dramas,India,16,96.0,
s383,Movie,Broken Heart,Rajiv Menon,"Fatima Garcia, John Brown, Omar Khan, Sara Ahmed",Brazil,2019-08-14,2010,G,113 min,"Anime, Romantic Movies, Horror Movies",A story about friendship set in Brazil.,2019,August,Anime,Brazil,9,113.0,
s384,Movie,Endless Kingdom,Kenji Watanabe,"Omar Muller, Fatima Rossi, Aiko Muller",Nigeria,2016-08-30,2001,PG,106 min,"Thrillers, Horror Movies",A story about survival set in Nigeria.,2016,August,Thrillers,Nigeria,15,106.0,
s385,TV Show,Midnight Kingdom,Not Given,"Wei Khan, Maria Smith, Aiko Dubois",United Kingdom,2017-12-02,2014,PG,2 Season,"Comedies, Anime, Thrillers",A story about war set in United Kingdom.,2017,December,Comedies,United Kingdom,3,,2.0
s386,Movie,Silent Code,Marcus Lee,"Maria Lee, John Kim, Tom Rossi, Omar Chen",Spain,2016-10-01,2010,TV-MA,164 min,"Anime, Docuseries, Sports Movies",A story about family set in Spain.,2016,October,Anime,Spain,6,164.0,
s387,Movie,Midnight Horizon,Marcus Lee,"Aiko Novak, Maria Novak, Nina Lee, John Chen, Raj Ahmed",India,2015-04-12,2009,TV-Y,149 min,Sci-Fi & Fantasy,A story about war set in India.,2015,April,Sci-Fi & Fantasy,India,6,149.0,
s388,Movie,The Horizon,Sofia Alvarez,"Omar Lee, Omar Muller, Fatima Smith",India,2019-07-02,2017,TV-14,135 min,"Kids TV, Romantic Movies",A story about war set in India.,2019,July,Kids TV,India,2,135.0,
s389,Movie,Rising Journey,Emily Carter,"Wei Novak, Sara Kim, Aiko Kim, Aiko Smith, Liam Silva",Japan,2019-12-31,2009,NR,81 min,Sci-Fi & Fantasy,A story about identity set in Japan.,2019,December,Sci-Fi & Fantasy,Japan,10,81.0,
s390,TV Show,Midnight Kingdom,Not Given,"Grace Lee, Carlos Chen, Sara Dubois, Elena Garcia, Wei Khan",France,2020-11-21,2015,PG,1 Seasons,"Stand-Up Comedy, Comedies, Dramas",A story about identity set in France.,2020,November,Stand-Up Comedy,France,5,,1.0
s391,Movie,Midnight City,Marcus Lee,"Grace Dubois, Omar Lee, Wei Khan, Wei Brown, Carlos Muller",Germany,2015-06-22,2015,PG-13,176 min,"Horror Movies, Romantic Movies, Crime TV Shows",A story about friendship set in Germany.,2015,June,Horror Movies,Germany,0,176.0,
s392,Movie,The Kingdom,Kenji Watanabe,"Raj Brown, Raj Rossi, Maria Patel, Raj Lee",France,2017-01-04,2013,TV-Y7,158 min,"Romantic Movies, Dramas, Comedies",A story about family set in France.,2017,January,Romantic Movies,France,4,158.0,
s393,Movie,A Horizon,Emily Carter,"Elena Kim, Sara Muller, Raj Patel, Nina Novak, Sara Garcia",Japan,2016-03-12,2016,PG-13,90 min,"Comedies, Documentaries, Thrillers",A story about friendship set in Japan.,2016,March,Comedies,Japan,0,90.0,
s394,TV Show,Last Storm (Season 3),Not Given,"Carlos Patel, Tom Silva, John Muller, Liam Ahmed",Brazil,2020-10-05,2002,R,7 Seasons,Thrillers,A story about war set in Brazil.,2020,October,Thrillers,Brazil,18,,7.0
s395,TV Show,Midnight Dream,Not Given,"Maria Ahmed, Elena Silva, Sara Chen, John Chen",Germany,2019-03-08,2009,TV-Y7,4 Season,Action & Adventure,A story about ambition set in Germany.,2019,March,Action & Adventure,Germany,10,,4.0
s396,Movie,Secret Legacy,Hugo Fischer,"Carlos Rossi, Tom Garcia",India,2015-03-13,2004,TV-Y7,114 min,"Sports Movies, Documentaries",A story about friendship set in India.,2015,March,Sports Movies,India,11,114.0,
s397,TV Show,Endless Code,Not Given,"Wei Novak, Liam Smith, Grace Brown, Maria Khan",United Kingdom,2017-07-17,2004,PG-13,2 Season,Reality TV,A story about betrayal set in United Kingdom.,2017,July,Reality TV,United Kingdom,13,,2.0
s398,Movie,Silent City,Rajiv Menon,"Maria Smith, Omar Patel, Yusuf Dubois",United States,2016-05-02,2015,PG-13,75 min,Horror Movies,A story about love set in United States.,2016,May,Horror Movies,United States,1,75.0,
s401,Movie,A Kingdom,Emily Carter,"Carlos Khan, Yusuf Khan, Carlos Garcia, Omar Silva, Maria Rossi",India,2017-07-10,2016,TV-Y7,167 min,"Horror Movies, Crime TV Shows",A story about love set in India.,2017,July,Horror Movies,India,1,167.0,
s402,Movie,Silent Shadow,David Okafor,"Nina Dubois, Grace Muller, Raj Brown, Nina Khan",Germany,2018-04-05,2013,TV-Y,94 min,Docuseries,A story about war set in Germany.,2018,April,Docuseries,Germany,5,94.0,
s403,Movie,Silent Shadow,David Okafor,"Yusuf Patel, Raj Garcia, Maria Chen, Carlos Kim, Grace Dubois",India,2015-09-23,2005,PG,95 min,"Kids TV, Horror Movies",A story about identity set in India.,2015,September,Kids TV,India,10,95.0,
s404,Movie,Broken Heart,Kenji Watanabe,"Omar Kowalski, Omar Patel, Carlos Silva, Nina Patel",Australia,2020-06-07,2012,NR,105 min,Sci-Fi & Fantasy,A story about betrayal set in Australia.,2020,June,Sci-Fi & Fantasy,Australia,8,105.0,
s405,Movie,Silent Heart,Sofia Alvarez,"John Garcia, Grace Smith, Sara Garcia",Spain,2021-01-07,2021,TV-PG,118 min,"Anime, Documentaries, International Movies",A story about betrayal set in Spain.,2021,January,Anime,Spain,0,118.0,
s407,Movie,Golden City,Priya Sharma,"John Smith, Wei Ahmed, Raj Brown, Omar Muller, Tom Novak",United Kingdom,2019-10-31,2015,TV-PG,109 min,"Stand-Up Comedy, Romantic Movies, Docuseries",A story about betrayal set in United Kingdom.,2019,October,Stand-Up Comedy,United Kingdom,4,109.0,
s409,Movie,Last Storm,Emily Carter,"Omar Lee, Raj Silva",South Korea,2019-10-20,2003,PG,115 min,"Sports Movies, Dramas",A story about ambition set in South Korea.,2019,October,Sports Movies,South Korea,16,115.0,
s410,Movie,Midnight Horizon,Alicia Wren,"Sara Muller, Maria Silva",United Kingdom,2021-01-14,2000,PG,74 min,"Reality TV, Horror Movies",A story about identity set in United Kingdom.,2021,January,Reality TV,United Kingdom,21,74.0,
s411,Movie,Silent Horizon,Rajiv Menon,"Carlos Dubois, Carlos Silva, Elena Garcia, Omar Rossi",India,2021-02-22,2021,PG,133 min,"Anime, Documentaries, Horror Movies",A story about family set in India.,2021,February,Anime,India,0,133.0,
s412,Movie,Broken Legacy,Priya Sharma,"Sara Brown, Yusuf Khan",France,2015-07-14,2008,PG-13,143 min,"Romantic Movies, Horror Movies",A story about betrayal set in France.,2015,July,Romantic Movies,France,7,143.0,
s413,TV Show,Endless Shadow,Not Given,"Maria Dubois, Omar Ahmed, Nina Kim, Fatima Silva",Nigeria,2018-05-21,2002,NR,7 Season,"Anime, Action & Adventure, Kids TV",A story about identity set in Nigeria.,2018,May,Anime,Nigeria,16,,7.0
s414,Movie,Rising Heart,Hugo Fischer,"Tom Smith, Raj Novak, Yusuf Brown",United Kingdom,2020-10-19,2018,R,154 min,"Sci-Fi & Fantasy, International Movies, Anime",A story about identity set in United Kingdom.,2020,October,Sci-Fi & Fantasy,United Kingdom,2,154.0,
s415,TV Show,The Code,Not Given,"Wei Khan, Wei Novak, Raj Kowalski, Liam Brown, Carlos Kim",Japan,2017-04-13,2002,TV-Y,3 Seasons,"Thrillers, International Movies, Anime",A story about ambition set in Japan.,2017,April,Thrillers,Japan,15,,3.0
s416,Movie,A Kingdom,Sofia Alvarez,"Fatima Kowalski, Sara Muller",Spain,2021-04-12,2015,TV-Y,124 min,"Comedies, Action & Adventure, Documentaries",A story about family set in Spain.,2021,April,Comedies,Spain,6,124.0,
s417,Movie,Midnight Dream,Hugo Fischer,"Raj Brown, John Novak, Nina Kowalski",United States,2015-12-10,2001,PG,147 min,"Documentaries, Sci-Fi & Fantasy",A story about identity set in United States.,2015,December,Documentaries,United States,14,147.0,
s421,TV Show,A Code,Not Given,"Carlos Smith, Tom Kim, Tom Lee, Liam Muller, Maria Lee",Egypt,2018-05-03,2007,R,7 Seasons,"Anime, Sci-Fi & Fantasy",A story about identity set in Egypt.,2018,May,Anime,Egypt,11,,7.0
s422,TV Show,Midnight Shadow,Not Given,"Nina Novak, Carlos Lee, Sara Silva, Grace Kim, Tom Lee",Egypt,2016-10-18,2003,PG-13,5 Season,"Anime, Romantic Movies",A story about love set in Egypt.,2016,October,Anime,Egypt,13,,5.0
s423,TV Show,Last Heart,Not Given,"John Kim, Fatima Patel, Liam Silva",Australia,2016-03-29,2002,TV-PG,2 Seasons,"International Movies, Reality TV, Horror Movies",A story about identity set in Australia.,2016,March,International Movies,Australia,14,,2.0
s424,TV Show,Golden Heart,Not Given,"Liam Chen, Raj Dubois, Sara Silva",Nigeria,2017-03-24,2009,TV-14,4 Season,"Stand-Up Comedy, Reality TV",A story about ambition set in Nigeria.,2017,March,Stand-Up Comedy,Nigeria,8,,4.0
s425,Movie,The Code,Not Given,"Tom Garcia, Nina Khan, Liam Novak",Egypt,2015-07-23,2005,TV-Y,149 min,"Crime TV Shows, Documentaries",A story about betrayal set in Egypt.,2015,July,Crime TV Shows,Egypt,10,149.0,
s426,TV Show,Last Horizon (Season 4),Not Given,"Sara Patel, Nina Garcia, Fatima Novak, Fatima Khan, Sara Brown",Nigeria,2018-03-25,2008,TV-Y7,4 Season,Kids TV,A story about family set in Nigeria.,2018,March,Kids TV,Nigeria,10,,4.0
s427,TV Show,Secret City (Season 2),Not Given,"Liam Muller, Fatima Dubois",Spain,2019-02-23,2007,G,6 Seasons,Dramas,A story about friendship set in Spain.,2019,February,Dramas,Spain,12,,6.0
s428,Movie,Golden City,Sofia Alvarez,"Grace Kim, Grace Dubois, Liam Garcia, Maria Ahmed, John Smith",Japan,2020-04-12,2007,PG,147 min,"Comedies, Dramas, International Movies",A story about identity set in Japan.,2020,April,Comedies,Japan,13,147.0,
s430,Movie,A Storm,Rajiv Menon,"Nina Brown, Sara Muller, Grace Silva",Italy,2018-03-04,2013,PG-13,148 min,"Anime, Kids TV",A story about survival set in Italy.,2018,March,Anime,Italy,5,148.0,
s431,Movie,Silent Kingdom,Hugo Fischer,"John Khan, Wei Smith, Fatima Chen, John Rossi, Liam Chen",Mexico,2019-11-23,2014,TV-14,133 min,Sci-Fi & Fantasy,A story about war set in Mexico.,2019,November,Sci-Fi & Fantasy,Mexico,5,133.0,
s432,TV Show,Rising Heart,Not Given,"Sara Novak, Sara Chen",India,2016-01-19,2011,R,7 Season,Crime TV Shows,A story about ambition set in India.,2016,January,Crime TV Shows,India,5,,7.0
s433,Movie,The Code,Not Given,"Carlos Lee, Maria Khan, Omar Rossi",Brazil,2018-09-08,2003,TV-MA,106 min,"Action & Adventure, Kids TV, Thrillers",A story about betrayal set in Brazil.,2018,September,Action & Adventure,Brazil,15,106.0,
s434,TV Show,Last Journey (Season 4),Not Given,"Raj Muller, Elena Patel, John Silva, John Patel, Elena Rossi",Japan,2018-09-22,2018,R,7 Season,"Horror Movies, Thrillers, Stand-Up Comedy",A story about love set in Japan.,2018,September,Horror Movies,Japan,0,,7.0
s435,TV Show,Rising Horizon,Not Given,"Liam Chen, Fatima Kowalski, Sara Kim, Maria Smith, Sara Khan",United Kingdom,2019-07-07,2012,PG-13,6 Seasons,"International Movies, Comedies, Docuseries",A story about friendship set in United Kingdom.,2019,July,International Movies,United Kingdom,7,,6.0
s436,TV Show,Midnight Horizon (Season 1),Not Given,"Yusuf Khan, Nina Rossi, Tom Kim, Nina Muller",Australia,2020-03-09,2019,TV-14,7 Season,"Thrillers, Kids TV",A story about identity set in Australia.,2020,March,Thrillers,Australia,1,,7.0
s437,Movie,Rising Storm,Priya Sharma,"Raj Patel, Grace Chen, Tom Rossi",Germany,2021-06-21,2020,TV-14,107 min,"Reality TV, Comedies",A story about friendship set in Germany.,2021,June,Reality TV,Germany,1,107.0,
s439,TV Show,The Shadow,Not Given,"Wei Kowalski, Wei Brown, Carlos Smith, Maria Kim, Tom Novak",France,2021-08-02,2010,TV-Y7,7 Seasons,"Crime TV Shows, Thrillers, Reality TV",A story about survival set in France.,2021,August,Crime TV Shows,France,11,,7.0
s440,Movie,A Horizon,Kenji Watanabe,"Carlos Ahmed, John Smith",South Korea,2015-02-24,2003,TV-PG,153 min,"Sci-Fi & Fantasy, Sports Movies",A story about identity set in South Korea.,2015,February,Sci-Fi & Fantasy,South Korea,12,153.0,
s442,Movie,Last Legacy,David Okafor,"Maria Muller, Omar Rossi, Wei Rossi",South Korea,2016-04-22,2000,TV-PG,89 min,"Sci-Fi & Fantasy, Romantic Movies, Docuseries",A story about love set in South Korea.,2016,April,Sci-Fi & Fantasy,South Korea,16,89.0,
s443,TV Show,Endless Legacy,Not Given,"John Silva, John Garcia, Raj Brown, Grace Kim, Carlos Brown",Spain,2021-05-05,2018,NR,3 Season,"Docuseries, Crime TV Shows",A story about friendship set in Spain.,2021,May,Docuseries,Spain,3,,3.0
s446,TV Show,Last Horizon,Not Given,"Raj Rossi, Wei Chen",Canada,2020-07-08,2005,TV-14,7 Season,"Horror Movies, Action & Adventure",A story about ambition set in Canada.,2020,July,Horror Movies,Canada,15,,7.0
s447,Movie,The Storm,Kenji Watanabe,"Raj Chen, Wei Brown, Sara Lee, Yusuf Smith",Nigeria,2018-10-15,2002,TV-Y,84 min,"Romantic Movies, Comedies, Crime TV Shows",A story about ambition set in Nigeria.,2018,October,Romantic Movies,Nigeria,16,84.0,
s448,Movie,Golden Storm,Rajiv Menon,"Tom Chen, Sara Novak, Sara Ahmed, Elena Patel",India,2019-11-29,2001,TV-Y7,177 min,Action & Adventure,A story about betrayal set in India.,2019,November,Action & Adventure,India,18,177.0,
s449,TV Show,The Code (Season 1),Not Given,"Tom Silva, Wei Novak, Liam Novak",Spain,2021-08-03,2016,TV-14,2 Seasons,"International Movies, Comedies",A story about ambition set in Spain.,2021,August,International Movies,Spain,5,,2.0
s450,Movie,Broken Journey,Sofia Alvarez,"Aiko Muller, Yusuf Chen, Maria Muller, Aiko Novak, Omar Kim",Japan,2020-09-08,2020,TV-PG,166 min,"Reality TV, Stand-Up Comedy, Action & Adventure",A story about survival set in Japan.,2020,September,Reality TV,Japan,0,166.0,
s452,Movie,The Kingdom,Not Given,"Raj Novak, Omar Patel",Italy,2019-04-26,2016,TV-Y,121 min,"Horror Movies, Sports Movies, Sci-Fi & Fantasy",A story about war set in Italy.,2019,April,Horror Movies,Italy,3,121.0,
s453,TV Show,The Dream,Not Given,"Grace Kim, Nina Patel, Fatima Lee",Germany,2021-03-18,2019,G,6 Season,"Stand-Up Comedy, Docuseries",A story about ambition set in Germany.,2021,March,Stand-Up Comedy,Germany,2,,6.0
s454,TV Show,A Journey,Not Given,"Grace Novak, Grace Lee, Wei Ahmed, Yusuf Muller, Fatima Garcia",Germany,2018-10-02,2017,NR,3 Seasons,Dramas,A story about love set in Germany.,2018,October,Dramas,Germany,1,,3.0
s455,TV Show,Rising Horizon,Not Given,"Grace Kim, Yusuf Garcia, Grace Smith, Sara Silva",France,2021-06-03,2020,PG,1 Season,"Action & Adventure, Romantic Movies, International Movies",A story about love set in France.,2021,June,Action & Adventure,France,1,,1.0
s456,Movie,Secret Horizon,Not Given,"Aiko Muller, Liam Patel, Omar Brown",Mexico,2018-10-14,2018,TV-Y,136 min,"Romantic Movies, Comedies, Thrillers",A story about ambition set in Mexico.,2018,October,Romantic Movies,Mexico,0,136.0,
s457,TV Show,Golden Heart (Season 4),Not Given,"Maria Garcia, John Kim, Tom Chen, Nina Khan, Nina Garcia",Japan,2021-05-15,2021,TV-Y,5 Seasons,"Crime TV Shows, Horror Movies",A story about friendship set in Japan.,2021,May,Crime TV Shows,Japan,0,,5.0
s459,TV Show,Golden Shadow,Not Given,"Maria Garcia, Aiko Dubois, Liam Smith, Yusuf Chen, Maria Silva",France,2018-05-27,2011,PG-13,4 Season,International Movies,A story about identity set in France.,2018,May,International Movies,France,7,,4.0
s460,Movie,Midnight Dream,Sofia Alvarez,"Sara Novak, Nina Smith, Maria Ahmed",Japan,2015-07-03,2002,TV-Y,131 min,"Horror Movies, Docuseries, Romantic Movies",A story about war set in Japan.,2015,July,Horror Movies,Japan,13,131.0,
s461,TV Show,Silent Horizon (Season 2),Not Given,"Omar Rossi, Raj Rossi, Wei Brown, Grace Silva, Maria Kowalski",Australia,2021-06-09,2021,TV-Y,4 Season,"Anime, Crime TV Shows",A story about love set in Australia.,2021,June,Anime,Australia,0,,4.0
s462,TV Show,Silent Dream,Not Given,"Grace Smith, Elena Patel, Omar Kowalski",Mexico,2021-04-17,2009,TV-14,6 Seasons,Comedies,A story about ambition set in Mexico.,2021,April,Comedies,Mexico,12,,6.0
s463,TV Show,Rising Journey (Season 2),Not Given,"Liam Kowalski, Fatima Khan",Egypt,2020-06-28,2018,TV-14,7 Seasons,"Stand-Up Comedy, Horror Movies",A story about love set in Egypt.,2020,June,Stand-Up Comedy,Egypt,2,,7.0
s466,Movie,Secret Horizon,Not Given,"Nina Ahmed, Omar Ahmed, Carlos Garcia",France,2018-07-27,2001,TV-Y7,140 min,"Documentaries, Romantic Movies",A story about love set in France.,2018,July,Documentaries,France,17,140.0,
s467,Movie,Secret Journey,Kenji Watanabe,"Fatima Kowalski, Yusuf Patel",Nigeria,2018-06-01,2004,G,122 min,"Documentaries, Reality TV",A story about ambition set in Nigeria.,2018,June,Documentaries,Nigeria,14,122.0,
s468,TV Show,Last Storm,Not Given,"Omar Khan, Yusuf Kim, Tom Ahmed",Spain,2015-01-05,2001,TV-Y7,7 Seasons,"Thrillers, Dramas, Sci-Fi & Fantasy",A story about friendship set in Spain.,2015,January,Thrillers,Spain,14,,7.0
s469,Movie,Midnight City,Emily Carter,"Elena Brown, Yusuf Muller, John Chen",Mexico,2020-02-28,2017,TV-14,108 min,Stand-Up Comedy,A story about betrayal set in Mexico.,2020,February,Stand-Up Comedy,Mexico,3,108.0,
s470,TV Show,Rising Dream,Not Given,"Elena Ahmed, Omar Silva, Tom Patel",Japan,2020-09-24,2020,TV-Y7,3 Season,"Anime, Action & Adventure",A story about friendship set in Japan.,2020,September,Anime,Japan,0,,3.0
s471,TV Show,Golden Journey,Not Given,"Raj Lee, John Dubois, Nina Smith",Italy,2016-12-11,2000,TV-Y,5 Seasons,"Docuseries, Stand-Up Comedy, Kids TV",A story about betrayal set in Italy.,2016,December,Docuseries,Italy,16,,5.0
s472,TV Show,A Code (Season 4),Not Given,"Aiko Brown, Carlos Brown",Australia,2019-05-04,2011,TV-PG,7 Seasons,"Dramas, Comedies, Romantic Movies",A story about war set in Australia.,2019,May,Dramas,Australia,8,,7.0
s473,TV Show,Silent Journey,Not Given,"Omar Muller, Raj Lee",Mexico,2017-02-23,2011,TV-14,7 Seasons,"Romantic Movies, Action & Adventure",A story about friendship set in Mexico.,2017,February,Romantic Movies,Mexico,6,,7.0
s474,TV Show,The Dream,Not Given,"John Khan, Sara Patel, Carlos Garcia",Egypt,2021-05-20,2008,NR,4 Season,Thrillers,A story about betrayal set in Egypt.,2021,May,Thrillers,Egypt,13,,4.0
s477,Movie,A Horizon,Rajiv Menon,"Grace Kim, Maria Lee, Fatima Khan",United Kingdom,2018-06-27,2010,TV-14,150 min,"Action & Adventure, Dramas, Romantic Movies",A story about identity set in United Kingdom.,2018,June,Action & Adventure,United Kingdom,8,150.0,
s478,TV Show,Endless Storm,Not Given,"Maria Rossi, Fatima Silva, Sara Smith",Egypt,2020-10-29,2010,R,1 Seasons,"Sci-Fi & Fantasy, Stand-Up Comedy, Comedies",A story about friendship set in Egypt.,2020,October,Sci-Fi & Fantasy,Egypt,10,,1.0
s479,Movie,A Journey,Rajiv Menon,"Aiko Lee, Sara Novak, Maria Kowalski, Wei Smith, Tom Kowalski",Spain,2018-05-19,2001,G,150 min,"Documentaries, Comedies",A story about love set in Spain.,2018,May,Documentaries,Spain,17,150.0,
s480,Movie,Midnight City,David Okafor,"Elena Kowalski, Carlos Khan",Egypt,2021-03-17,2019,G,71 min,"Stand-Up Comedy, Romantic Movies",A story about identity set in Egypt.,2021,March,Stand-Up Comedy,Egypt,2,71.0,
s481,TV Show,Endless Shadow,Not Given,"Nina Ahmed, Aiko Dubois",Canada,2016-02-25,2003,TV-MA,5 Seasons,"Kids TV, Sci-Fi & Fantasy, Horror Movies",A story about survival set in Canada.,2016,February,Kids TV,Canada,13,,5.0
s482,Movie,Midnight Storm,David Okafor,"Grace Dubois, Nina Chen, Fatima Chen, Omar Smith, John Chen",France,2020-06-11,2018,NR,153 min,"Horror Movies, Docuseries",A story about survival set in France.,2020,June,Horror Movies,France,2,153.0,
s483,Movie,Midnight Horizon,Emily Carter,"Aiko Smith, Yusuf Dubois, Raj Patel, Wei Smith",Canada,2016-08-11,2016,TV-Y,114 min,Kids TV,A story about ambition set in Canada.,2016,August,Kids TV,Canada,0,114.0,
s484,TV Show,Golden Legacy,Not Given,"Elena Novak, Aiko Brown, Elena Dubois, Aiko Dubois, Liam Kim",Japan,2016-03-05,2005,TV-Y7,7 Seasons,"Romantic Movies, Sci-Fi & Fantasy",A story about love set in Japan.,2016,March,Romantic Movies,Japan,11,,7.0
s485,Movie,Secret Heart,Not Given,"Fatima Rossi, Grace Kowalski, Sara Silva",Nigeria,2017-04-20,2012,TV-Y,93 min,Sports Movies,A story about love set in Nigeria.,2017,April,Sports Movies,Nigeria,5,93.0,
s486,Movie,The Code,Alicia Wren,"Liam Rossi, Fatima Patel, Elena Lee",Nigeria,2015-06-29,2011,TV-MA,95 min,Horror Movies,A story about survival set in Nigeria.,2015,June,Horror Movies,Nigeria,4,95.0,
s487,Movie,Midnight Kingdom,Emily Carter,"Wei Khan, John Chen, Sara Muller",Italy,2015-03-27,2003,TV-PG,118 min,"Action & Adventure, Thrillers, Docuseries",A story about family set in Italy.,2015,March,Action & Adventure,Italy,12,118.0,
s488,Movie,Golden Storm,Marcus Lee,"Tom Novak, Maria Garcia, Wei Lee, Tom Chen, Omar Khan",Canada,2019-02-14,2017,PG,110 min,"Reality TV, Anime, Action & Adventure",A story about love set in Canada.,2019,February,Reality TV,Canada,2,110.0,
s490,Movie,Broken Code,Emily Carter,"Yusuf Rossi, Wei Silva, Grace Silva, Yusuf Novak, Nina Novak",Spain,2018-01-04,2015,G,121 min,"Comedies, Action & Adventure, Sci-Fi & Fantasy",A story about ambition set in Spain.,2018,January,Comedies,Spain,3,121.0,
s491,Movie,Secret City,Sofia Alvarez,"Carlos Lee, Carlos Dubois, Wei Lee, Sara Silva",France,2017-06-23,2017,TV-PG,166 min,Horror Movies,A story about friendship set in France.,2017,June,Horror Movies,France,0,166.0,
s492,Movie,Secret Horizon,Rajiv Menon,"Yusuf Dubois, Aiko Kim, Nina Rossi, Carlos Kim, Aiko Kowalski",Spain,2018-01-23,2010,TV-Y,73 min,Sci-Fi & Fantasy,A story about ambition set in Spain.,2018,January,Sci-Fi & Fantasy,Spain,8,73.0,
s493,Movie,A Storm,Alicia Wren,"Sara Ahmed, Yusuf Ahmed, Raj Garcia, Omar Muller",Italy,2016-02-08,2007,TV-14,79 min,"Comedies, Crime TV Shows",A story about ambition set in Italy.,2016,February,Comedies,Italy,9,79.0,
s494,Movie,Golden Dream,Kenji Watanabe,"Fatima Novak, Elena Chen, Sara Kowalski, Grace Novak",Germany,2015-02-04,2008,PG-13,106 min,"Stand-Up Comedy, Kids TV",A story about love set in Germany.,2015,February,Stand-Up Comedy,Germany,7,106.0,
s495,Movie,Rising Kingdom,David Okafor,"Fatima Novak, Grace Khan, Nina Khan",Germany,2021-02-05,2018,TV-Y7,162 min,"Anime, Stand-Up Comedy",A story about betrayal set in Germany.,2021,February,Anime,Germany,3,162.0,
s496,Movie,Secret City,David Okafor,"Nina Rossi, Sara Ahmed, John Silva",United Kingdom,2018-09-20,2018,PG-13,164 min,Docuseries,A story about war set in United Kingdom.,2018,September,Docuseries,United Kingdom,0,164.0,
s497,Movie,Broken City,David Okafor,"Aiko Dubois, John Dubois, Omar Smith, Tom Chen",United Kingdom,2021-05-16,2010,G,147 min,"Stand-Up Comedy, Kids TV, Action & Adventure",A story about identity set in United Kingdom.,2021,May,Stand-Up Comedy,United Kingdom,11,147.0,
s498,Movie,Broken Legacy,Priya Sharma,"Aiko Dubois, Nina Patel",Italy,2016-01-17,2009,TV-PG,83 min,"Thrillers, Dramas, Reality TV",A story about friendship set in Italy.,2016,January,Thrillers,Italy,7,83.0,
s499,Movie,Secret Shadow,David Okafor,"Fatima Khan, Liam Patel, Yusuf Garcia, Nina Smith",Japan,2016-02-15,2016,TV-PG,111 min,"Stand-Up Comedy, Documentaries",A story about betrayal set in Japan.,2016,February,Stand-Up Comedy,Japan,0,111.0,
s502,TV Show,Midnight Heart,Not Given,"Carlos Dubois, Sara Kowalski, Sara Chen, Carlos Khan",United Kingdom,2021-01-20,2019,TV-Y,4 Season,"Thrillers, Sports Movies, Horror Movies",A story about betrayal set in United Kingdom.,2021,January,Thrillers,United Kingdom,2,,4.0
s504,Movie,Golden City,Priya Sharma,"Liam Khan, Yusuf Smith, Nina Smith",India,2021-04-17,2020,TV-Y,113 min,"Stand-Up Comedy, Reality TV, Action & Adventure",A story about identity set in India.,2021,April,Stand-Up Comedy,India,1,113.0,
s505,Movie,Midnight Shadow,Marcus Lee,"Raj Novak, Nina Rossi, Nina Garcia, Maria Ahmed",Brazil,2019-11-28,2007,TV-PG,130 min,"Thrillers, Documentaries",A story about love set in Brazil.,2019,November,Thrillers,Brazil,12,130.0,
s506,Movie,Last Dream,Alicia Wren,"Wei Garcia, Raj Kowalski, John Patel, Liam Chen, Nina Silva",United Kingdom,2015-05-22,2006,NR,97 min,"Comedies, Reality TV",A story about betrayal set in United Kingdom.,2015,May,Comedies,United Kingdom,9,97.0,
s507,Movie,Midnight Heart,Rajiv Menon,"John Kowalski, Carlos Kowalski",Canada,2019-03-15,2007,R,95 min,Dramas,A story about identity set in Canada.,2019,March,Dramas,Canada,12,95.0,
s508,Movie,The Storm,Sofia Alvarez,"Fatima Lee, Maria Kowalski",Egypt,2021-02-12,2021,TV-PG,75 min,"Action & Adventure, Reality TV",A story about war set in Egypt.,2021,February,Action & Adventure,Egypt,0,75.0,
s510,Movie,Golden Journey,Alicia Wren,"Carlos Muller, Omar Dubois, Nina Garcia",Mexico,2021-06-09,2017,G,91 min,"Action & Adventure, Horror Movies",A story about war set in Mexico.,2021,June,Action & Adventure,Mexico,4,91.0,
s511,TV Show,Broken Kingdom,Not Given,"Sara Patel, Nina Garcia, Aiko Smith, Elena Lee",Australia,2019-04-16,2014,NR,6 Seasons,"Dramas, Action & Adventure, Docuseries",A story about betrayal set in Australia.,2019,April,Dramas,Australia,5,,6.0
s512,Movie,Broken Legacy,Not Given,"John Chen, Aiko Rossi",France,2016-09-13,2006,TV-Y,96 min,"Comedies, Action & Adventure, Sports Movies",A story about friendship set in France.,2016,September,Comedies,France,10,96.0,
s513,TV Show,Golden Kingdom,Not Given,"Yusuf Kowalski, Carlos Patel",Egypt,2015-04-08,2009,R,7 Seasons,"Romantic Movies, Action & Adventure",A story about love set in Egypt.,2015,April,Romantic Movies,Egypt,6,,7.0
s514,TV Show,Secret Legacy,Not Given,"Yusuf Silva, Wei Rossi, Raj Smith, Maria Brown, Nina Garcia",Canada,2016-08-02,2001,R,2 Season,"Kids TV, Action & Adventure, Crime TV Shows",A story about betrayal set in Canada.,2016,August,Kids TV,Canada,15,,2.0
s515,Movie,Silent Dream,Marcus Lee,"Fatima Kim, Wei Dubois, Fatima Muller",France,2020-07-07,2018,R,104 min,"Documentaries, Thrillers",A story about identity set in France.,2020,July,Documentaries,France,2,104.0,
s516,Movie,Silent Heart,David Okafor,"Omar Chen, Sara Kowalski, Nina Smith, Omar Kim, Carlos Brown",India,2021-01-09,2009,TV-PG,140 min,"Thrillers, International Movies, Kids TV",A story about friendship set in India.,2021,January,Thrillers,India,12,140.0,
s517,Movie,Midnight City,Hugo Fischer,"Maria Silva, Wei Novak, Nina Khan, Wei Lee, Fatima Smith",United States,2020-03-12,2016,TV-Y7,121 min,"Stand-Up Comedy, Sports Movies",A story about war set in United States.,2020,March,Stand-Up Comedy,United States,4,121.0,
s518,Movie,Midnight Horizon,Alicia Wren,"Tom Smith, Tom Garcia, Carlos Lee, Elena Chen, Fatima Kowalski",South Korea,2018-11-28,2008,NR,160 min,"Sports Movies, Docuseries",A story about love set in South Korea.,2018,November,Sports Movies,South Korea,10,160.0,
s519,Movie,Broken Legacy,Sofia Alvarez,"John Lee, Sara Silva, Raj Novak, Raj Smith, Grace Patel",Brazil,2017-12-06,2004,G,128 min,"International Movies, Docuseries, Action & Adventure",A story about survival set in Brazil.,2017,December,International Movies,Brazil,13,128.0,
s520,Movie,A City,David Okafor,"Yusuf Lee, Fatima Lee",South Korea,2019-10-15,2005,PG-13,158 min,"Stand-Up Comedy, Horror Movies",A story about family set in South Korea.,2019,October,Stand-Up Comedy,South Korea,14,158.0,
s521,TV Show,A Shadow,Not Given,"Sara Chen, Liam Novak, Fatima Lee, Grace Kim",Mexico,2015-01-27,2009,TV-PG,7 Season,Documentaries,A story about identity set in Mexico.,2015,January,Documentaries,Mexico,6,,7.0
s523,Movie,Last Legacy,Kenji Watanabe,"Nina Patel, Tom Dubois, Maria Brown, Raj Chen, Maria Muller",India,2016-05-25,2012,PG-13,78 min,"Dramas, Horror Movies",A story about ambition set in India.,2016,May,Dramas,India,4,78.0,
s524,Movie,A Journey,Rajiv Menon,"Omar Smith, Raj Dubois, Omar Smith, Maria Khan",Germany,2019-03-19,2000,G,136 min,"Docuseries, Romantic Movies",A story about war set in Germany.,2019,March,Docuseries,Germany,19,136.0,
s525,Movie,Golden Storm,Emily Carter,"Sara Khan, Aiko Patel, Carlos Kim, Elena Smith",Japan,2016-02-15,2010,TV-MA,128 min,"Stand-Up Comedy, Sports Movies, Reality TV",A story about survival set in Japan.,2016,February,Stand-Up Comedy,Japan,6,128.0,
s526,Movie,A Code,Kenji Watanabe,"Aiko Rossi, Elena Patel, Raj Brown",Spain,2020-08-19,2016,R,70 min,"Anime, Dramas, Docuseries",A story about war set in Spain.,2020,August,Anime,Spain,4,70.0,
s527,TV Show,Golden Heart,Not Given,"Carlos Novak, Elena Kowalski, Maria Silva, Carlos Lee, Tom Rossi",Brazil,2019-04-26,2003,PG-13,5 Season,Comedies,A story about survival set in Brazil.,2019,April,Comedies,Brazil,16,,5.0
s528,Movie,A Dream,Hugo Fischer,"Wei Lee, Nina Garcia, Nina Patel, Yusuf Khan, Fatima Khan",United Kingdom,2021-06-29,2021,TV-14,83 min,"Dramas, Documentaries",A story about war set in United Kingdom.,2021,June,Dramas,United Kingdom,0,83.0,
s529,TV Show,Midnight Legacy,Not Given,"Tom Patel, Maria Patel, Wei Lee, Yusuf Patel, Grace Rossi",India,2017-07-05,2010,G,7 Seasons,Anime,A story about identity set in India.,2017,July,Anime,India,7,,7.0
s530,TV Show,Broken Code,Not Given,"Omar Khan, Fatima Muller, Maria Muller, Maria Garcia, Maria Silva",Mexico,2019-01-21,2018,TV-14,5 Season,"Stand-Up Comedy, Horror Movies",A story about love set in Mexico.,2019,January,Stand-Up Comedy,Mexico,1,,5.0
s531,Movie,Endless Code,Sofia Alvarez,"Carlos Silva, Omar Silva, Omar Patel, Tom Kowalski, Wei Ahmed",Brazil,2020-08-27,2019,R,83 min,"Dramas, Crime TV Shows",A story about friendship set in Brazil.,2020,August,Dramas,Brazil,1,83.0,
s532,Movie,Midnight Legacy,Priya Sharma,"Wei Dubois, Liam Chen, Grace Patel, Sara Kowalski, Sara Novak",United States,2019-11-24,2019,PG-13,134 min,"Action & Adventure, International Movies, Reality TV",A story about friendship set in United States.,2019,November,Action & Adventure,United States,0,134.0,
s533,Movie,Secret Heart,Kenji Watanabe,"John Kowalski, Aiko Chen, Sara Novak, Fatima Brown, Grace Lee",Nigeria,2015-08-04,2007,TV-PG,179 min,"Stand-Up Comedy, International Movies",A story about survival set in Nigeria.,2015,August,Stand-Up Comedy,Nigeria,8,179.0,
s535,Movie,Last Horizon,Marcus Lee,"Grace Rossi, Liam Lee, Wei Khan, Fatima Kowalski, Grace Khan",Mexico,2020-01-10,2020,PG,162 min,"Action & Adventure, Anime, Stand-Up Comedy",A story about survival set in Mexico.,2020,January,Action & Adventure,Mexico,0,162.0,
s536,Movie,Broken Kingdom,Rajiv Menon,"Aiko Rossi, Wei Smith",India,2019-10-18,2016,G,125 min,Stand-Up Comedy,A story about ambition set in India.,2019,October,Stand-Up Comedy,India,3,125.0,
s538,Movie,A Shadow,Alicia Wren,"Nina Patel, Raj Lee",Germany,2015-04-05,2007,G,143 min,"Docuseries, International Movies, Sports Movies",A story about betrayal set in Germany.,2015,April,Docuseries,Germany,8,143.0,
s539,TV Show,Last City,Not Given,"Liam Dubois, Wei Garcia, Aiko Garcia, Grace Lee, Sara Kowalski",Germany,2019-07-19,2005,TV-MA,4 Seasons,"Docuseries, Comedies, Crime TV Shows",A story about betrayal set in Germany.,2019,July,Docuseries,Germany,14,,4.0
s540,TV Show,Secret Shadow (Season 2),Not Given,"Yusuf Rossi, Omar Silva",India,2016-06-11,2001,G,2 Seasons,Crime TV Shows,A story about love set in India.,2016,June,Crime TV Shows,India,15,,2.0
s541,Movie,A Code,Kenji Watanabe,"Yusuf Chen, Carlos Patel, John Khan, Liam Smith",Germany,2020-12-27,2009,TV-Y7,87 min,"Docuseries, Sports Movies, Thrillers",A story about war set in Germany.,2020,December,Docuseries,Germany,11,87.0,
s542,Movie,Rising Legacy,Alicia Wren,"Fatima Smith, Fatima Chen",France,2016-07-03,2006,G,140 min,Sports Movies,A story about family set in France.,2016,July,Sports Movies,France,10,140.0,
s543,Movie,Endless City,Alicia Wren,"Liam Kim, Raj Lee, Wei Kim, Nina Garcia",France,2021-04-19,2021,TV-PG,138 min,Documentaries,A story about family set in France.,2021,April,Documentaries,France,0,138.0,
s544,TV Show,Secret Storm,Not Given,"Carlos Brown, Wei Silva, Omar Kim",South Korea,2017-10-10,2000,TV-14,3 Season,Reality TV,A story about betrayal set in South Korea.,2017,October,Reality TV,South Korea,17,,3.0
s545,Movie,A Storm,Emily Carter,"Wei Brown, Omar Khan, Liam Smith, Maria Kim",Canada,2016-03-06,2012,TV-14,92 min,"Horror Movies, Docuseries, Reality TV",A story about friendship set in Canada.,2016,March,Horror Movies,Canada,4,92.0,
s546,Movie,Golden Horizon,Kenji Watanabe,"Elena Garcia, Tom Smith, Wei Silva, Omar Kim",United Kingdom,2020-12-17,2011,NR,146 min,"Docuseries, Horror Movies",A story about survival set in United Kingdom.,2020,December,Docuseries,United Kingdom,9,146.0,
s547,Movie,Rising Kingdom,Marcus Lee,"Carlos Dubois, Grace Muller, John Lee",Mexico,2021-01-14,2020,R,156 min,"Reality TV, Sports Movies, Romantic Movies",A story about survival set in Mexico.,2021,January,Reality TV,Mexico,1,156.0,
s549,Movie,Secret Shadow,Marcus Lee,"Maria Novak, Liam Ahmed",Italy,2015-02-13,2015,TV-Y,156 min,"International Movies, Romantic Movies, Sci-Fi & Fantasy",A story about betrayal set in Italy.,2015,February,International Movies,Italy,0,156.0,
s550,Movie,Endless Legacy,Rajiv Menon,"Grace Ahmed, Grace Silva, Fatima Novak, Raj Lee, Sara Lee",Germany,2021-06-05,2021,TV-MA,147 min,"Thrillers, Anime",A story about ambition set in Germany.,2021,June,Thrillers,Germany,0,147.0,
s551,Movie,Golden Kingdom,Hugo Fischer,"John Kim, Nina Kim, Wei Silva, Maria Silva",Italy,2021-03-05,2021,NR,178 min,Horror Movies,A story about family set in Italy.,2021,March,Horror Movies,Italy,0,178.0,
s552,Movie,Midnight Legacy,Rajiv Menon,"Fatima Lee, Liam Lee, Tom Patel, Yusuf Brown, Tom Smith",Italy,2020-06-22,2014,TV-MA,115 min,Sci-Fi & Fantasy,A story about war set in Italy.,2020,June,Sci-Fi & Fantasy,Italy,6,115.0,
s553,Movie,A Journey,Emily Carter,"Carlos Silva, John Garcia, Carlos Rossi",Canada,2020-12-07,2002,NR,89 min,"Action & Adventure, Sci-Fi & Fantasy",A story about friendship set in Canada.,2020,December,Action & Adventure,Canada,18,89.0,
s554,Movie,Midnight Legacy,Priya Sharma,"Aiko Muller, Aiko Kim, Tom Chen, Yusuf Kowalski, Liam Garcia",Spain,2021-08-03,2021,TV-Y7,90 min,Sports Movies,A story about identity set in Spain.,2021,August,Sports Movies,Spain,0,90.0,
s555,Movie,Secret Shadow,Sofia Alvarez,"John Chen, Carlos Kim, Grace Silva, Tom Smith",United Kingdom,2021-02-20,2021,TV-Y7,155 min,"Action & Adventure, Kids TV",A story about friendship set in United Kingdom.,2021,February,Action & Adventure,United Kingdom,0,155.0,
s557,Movie,Midnight Dream,Priya Sharma,"Omar Kim, Fatima Dubois",United Kingdom,2018-02-04,2016,R,105 min,Crime TV Shows,A story about ambition set in United Kingdom.,2018,February,Crime TV Shows,United Kingdom,2,105.0,
s559,Movie,Secret Kingdom,David Okafor,"Elena Khan, Maria Brown",United States,2019-07-27,2012,NR,109 min,"Romantic Movies, Action & Adventure, Thrillers",A story about identity set in United States.,2019,July,Romantic Movies,United States,7,109.0,
s562,Movie,Midnight Legacy,Not Given,"Maria Lee, Maria Chen, Raj Novak, Elena Garcia, John Dubois",Italy,2020-07-14,2020,R,160 min,"Action & Adventure, Comedies",A story about war set in Italy.,2020,July,Action & Adventure,Italy,0,160.0,
s563,Movie,Silent Legacy,Hugo Fischer,"John Chen, Fatima Kim, Yusuf Novak",France,2018-12-13,2017,PG,127 min,"Action & Adventure, Sci-Fi & Fantasy, Kids TV",A story about betrayal set in France.,2018,December,Action & Adventure,France,1,127.0,
s564,Movie,Rising Code,Rajiv Menon,"Elena Muller, Grace Chen, Liam Smith",Australia,2017-02-18,2001,TV-Y,133 min,"Documentaries, Docuseries, Romantic Movies",A story about identity set in Australia.,2017,February,Documentaries,Australia,16,133.0,
s566,Movie,Midnight Code,Alicia Wren,"Fatima Smith, Yusuf Khan, Liam Smith",Brazil,2018-02-11,2004,TV-PG,104 min,Romantic Movies,A story about ambition set in Brazil.,2018,February,Romantic Movies,Brazil,14,104.0,
s569,Movie,Secret Horizon,David Okafor,"Nina Khan, Grace Novak, Carlos Silva",United Kingdom,2016-01-19,2015,TV-Y7,93 min,"Thrillers, Reality TV",A story about survival set in United Kingdom.,2016,January,Thrillers,United Kingdom,1,93.0,
s570,Movie,Silent Kingdom,Kenji Watanabe,"Liam Chen, Tom Chen",Egypt,2017-02-08,2012,TV-14,88 min,Reality TV,A story about ambition set in Egypt.,2017,February,Reality TV,Egypt,5,88.0,
s571,Movie,Broken Shadow,Hugo Fischer,"Grace Kowalski, Omar Smith, Elena Garcia",South Korea,2015-03-26,2012,TV-14,175 min,Comedies,A story about survival set in South Korea.,2015,March,Comedies,South Korea,3,175.0,
s572,Movie,A Dream,Marcus Lee,"Omar Smith, Omar Garcia",Germany,2015-12-15,2010,R,87 min,"Sci-Fi & Fantasy, Reality TV",A story about survival set in Germany.,2015,December,Sci-Fi & Fantasy,Germany,5,87.0,
s575,Movie,Endless Storm,Alicia Wren,"Tom Lee, Tom Garcia, Tom Smith, Elena Chen",United Kingdom,2020-12-12,2013,PG,146 min,Reality TV,A story about survival set in United Kingdom.,2020,December,Reality TV,United Kingdom,7,146.0,
s577,TV Show,Silent Shadow (Season 4),Not Given,"Wei Garcia, Aiko Chen, Wei Kowalski, Carlos Silva",Japan,2019-10-03,2015,TV-Y7,6 Seasons,"Anime, Documentaries, Stand-Up Comedy",A story about ambition set in Japan.,2019,October,Anime,Japan,4,,6.0
s578,Movie,Rising Heart,Hugo Fischer,"Yusuf Ahmed, Sara Khan, Carlos Garcia, Elena Novak, Carlos Ahmed",Australia,2015-12-24,2007,R,116 min,Kids TV,A story about love set in Australia.,2015,December,Kids TV,Australia,8,116.0,
s579,Movie,Silent Kingdom,Alicia Wren,"Tom Silva, Aiko Brown",Egypt,2018-04-22,2004,TV-Y7,88 min,"Reality TV, Action & Adventure, Sci-Fi & Fantasy",A story about ambition set in Egypt.,2018,April,Reality TV,Egypt,14,88.0,
s580,Movie,Last Shadow,Marcus Lee,"Grace Smith, Grace Kim, Aiko Smith, Grace Garcia, Raj Dubois",India,2021-08-29,2015,TV-PG,73 min,Sports Movies,A story about survival set in India.,2021,August,Sports Movies,India,6,73.0,
s581,Movie,A Journey,Not Given,"Wei Kowalski, Wei Rossi, Grace Chen, Grace Ahmed, Grace Muller",Spain,2018-10-13,2013,TV-Y7,170 min,"Dramas, International Movies, Comedies",A story about survival set in Spain.,2018,October,Dramas,Spain,5,170.0,
s583,TV Show,Midnight Shadow,Not Given,"Grace Khan, Carlos Dubois, John Khan",South Korea,2021-04-09,2005,G,7 Season,"Sci-Fi & Fantasy, Romantic Movies, Thrillers",A story about identity set in South Korea.,2021,April,Sci-Fi & Fantasy,South Korea,16,,7.0
s584,TV Show,Last Journey,Not Given,"Fatima Muller, Maria Garcia, Maria Silva, Elena Kowalski, Sara Silva",United States,2018-03-01,2007,TV-PG,5 Season,Dramas,A story about family set in United States.,2018,March,Dramas,United States,11,,5.0
s585,Movie,Secret Journey,Sofia Alvarez,"Maria Dubois, Elena Smith, Elena Kowalski, Nina Smith",United States,2016-01-17,2010,PG-13,71 min,"Horror Movies, Kids TV",A story about ambition set in United States.,2016,January,Horror Movies,United States,6,71.0,
s587,Movie,Last Heart,Alicia Wren,"Grace Khan, Tom Khan",Nigeria,2021-06-17,2021,TV-PG,168 min,"Thrillers, Crime TV Shows, Sci-Fi & Fantasy",A story about war set in Nigeria.,2021,June,Thrillers,Nigeria,0,168.0,
s588,Movie,Last Storm,Kenji Watanabe,"Elena Brown, Carlos Smith, Tom Novak, Omar Patel",South Korea,2017-05-05,2007,G,147 min,International Movies,A story about friendship set in South Korea.,2017,May,International Movies,South Korea,10,147.0,
s590,Movie,Silent Dream,Priya Sharma,"Omar Lee, Nina Patel, Tom Chen, Maria Dubois",Spain,2019-01-28,2001,PG-13,121 min,"International Movies, Romantic Movies",A story about war set in Spain.,2019,January,International Movies,Spain,18,121.0,
s591,Movie,Endless Storm,Emily Carter,"Raj Kim, Yusuf Rossi",France,2021-01-11,2021,G,152 min,Romantic Movies,A story about love set in France.,2021,January,Romantic Movies,France,0,152.0,
s592,Movie,A Dream,David Okafor,"Elena Kim, Sara Garcia, Fatima Kim",Egypt,2016-01-18,2014,PG,129 min,"Sci-Fi & Fantasy, Comedies",A story about betrayal set in Egypt.,2016,January,Sci-Fi & Fantasy,Egypt,2,129.0,
s593,Movie,A City,David Okafor,"Carlos Silva, Maria Silva, Aiko Dubois",Spain,2020-05-04,2006,TV-14,105 min,"Comedies, Crime TV Shows",A story about survival set in Spain.,2020,May,Comedies,Spain,14,105.0,
s594,TV Show,Last Legacy,Not Given,"Elena Kowalski, Carlos Smith",Italy,2019-10-28,2011,TV-Y7,2 Season,Reality TV,A story about family set in Italy.,2019,October,Reality TV,Italy,8,,2.0
s595,Movie,Last Shadow,Marcus Lee,"Liam Kim, Maria Muller",Egypt,2019-09-16,2014,NR,97 min,"Crime TV Shows, Documentaries, Reality TV",A story about love set in Egypt.,2019,September,Crime TV Shows,Egypt,5,97.0,
s596,Movie,Broken Storm,Kenji Watanabe,"Fatima Silva, Carlos Rossi, Nina Ahmed",Mexico,2019-11-25,2005,PG,158 min,"Stand-Up Comedy, Reality TV, Dramas",A story about ambition set in Mexico.,2019,November,Stand-Up Comedy,Mexico,14,158.0,
s598,Movie,The Heart,Marcus Lee,"Raj Dubois, Maria Smith, Fatima Novak, Fatima Kim, Grace Ahmed",Nigeria,2019-03-27,2005,R,114 min,Kids TV,A story about love set in Nigeria.,2019,March,Kids TV,Nigeria,14,114.0,
s599,Movie,Golden Journey,Kenji Watanabe,"Yusuf Brown, Sara Garcia, Grace Rossi, Raj Rossi",South Korea,2018-12-11,2013,PG,176 min,"Reality TV, Crime TV Shows, Stand-Up Comedy",A story about war set in South Korea.,2018,December,Reality TV,South Korea,5,176.0,
s602,Movie,Silent Code,David Okafor,"Fatima Brown, Nina Garcia",Japan,2019-08-19,2014,TV-Y,70 min,"Romantic Movies, Crime TV Shows",A story about family set in Japan.,2019,August,Romantic Movies,Japan,5,70.0,
s603,Movie,Midnight Dream,David Okafor,"John Lee, Tom Kim, John Smith",United States,2019-03-14,2004,NR,174 min,"Anime, Thrillers, Documentaries",A story about identity set in United States.,2019,March,Anime,United States,15,174.0,
s604,Movie,Broken Legacy,Not Given,"Sara Smith, Omar Lee, Elena Kim, Wei Patel, Carlos Novak",United Kingdom,2018-07-27,2012,NR,90 min,"Romantic Movies, Comedies",A story about survival set in United Kingdom.,2018,July,Romantic Movies,United Kingdom,6,90.0,
s605,Movie,Endless City,Kenji Watanabe,"Aiko Khan, Maria Garcia, John Kim",United States,2021-08-30,2020,TV-PG,73 min,"Documentaries, Horror Movies, Kids TV",A story about love set in United States.,2021,August,Documentaries,United States,1,73.0,
s606,TV Show,Last Heart,Not Given,"Wei Khan, Raj Lee, Fatima Muller, Fatima Ahmed",Egypt,2019-03-29,2007,PG-13,6 Season,International Movies,A story about love set in Egypt.,2019,March,International Movies,Egypt,12,,6.0
s607,Movie,Endless Shadow,Alicia Wren,"Tom Dubois, Maria Garcia, Wei Muller, Liam Lee, Wei Garcia",India,2019-01-20,2015,R,120 min,Docuseries,A story about love set in India.,2019,January,Docuseries,India,4,120.0,
s609,TV Show,Silent Horizon,Not Given,"Wei Ahmed, Grace Muller",Italy,2017-02-28,2003,G,1 Seasons,"International Movies, Action & Adventure, Reality TV",A story about war set in Italy.,2017,February,International Movies,Italy,14,,1.0
s610,Movie,Secret Journey,Emily Carter,"Fatima Garcia, Grace Novak, Wei Muller",France,2017-03-27,2015,TV-14,114 min,"Horror Movies, Romantic Movies, Sports Movies",A story about friendship set in France.,2017,March,Horror Movies,France,2,114.0,
s611,Movie,Broken Legacy,Kenji Watanabe,"Fatima Patel, Sara Lee, Grace Muller",South Korea,2021-07-18,2003,G,109 min,Kids TV,A story about friendship set in South Korea.,2021,July,Kids TV,South Korea,18,109.0,
s612,Movie,Silent City,Not Given,"Sara Silva, Elena Garcia, Elena Kim, Carlos Khan",Australia,2019-03-12,2011,TV-14,127 min,Comedies,A story about family set in Australia.,2019,March,Comedies,Australia,8,127.0,
s613,Movie,Midnight Horizon,Hugo Fischer,"Carlos Smith, Maria Chen, Omar Silva, Carlos Kowalski",United Kingdom,2017-10-01,2011,TV-14,97 min,"Sports Movies, Thrillers, Documentaries",A story about war set in United Kingdom.,2017,October,Sports Movies,United Kingdom,6,97.0,
s614,Movie,Golden Journey,Emily Carter,"Nina Dubois, Omar Silva, Tom Khan",Germany,2019-04-29,2002,PG-13,147 min,Kids TV,A story about betrayal set in Germany.,2019,April,Kids TV,Germany,17,147.0,
s616,Movie,Golden Horizon,David Okafor,"Elena Smith, Liam Smith, Raj Kowalski",Egypt,2018-01-10,2018,TV-Y7,106 min,Stand-Up Comedy,A story about love set in Egypt.,2018,January,Stand-Up Comedy,Egypt,0,106.0,
s617,TV Show,Rising Journey,Not Given,"Maria Rossi, Maria Brown",Nigeria,2018-05-17,2013,PG-13,3 Seasons,"Documentaries, Crime TV Shows",A story about war set in Nigeria.,2018,May,Documentaries,Nigeria,5,,3.0
s618,Movie,The City,Kenji Watanabe,"Nina Brown, Raj Lee, Maria Brown, Aiko Dubois, Maria Smith",Canada,2015-02-12,2001,TV-PG,83 min,"Reality TV, Action & Adventure",A story about survival set in Canada.,2015,February,Reality TV,Canada,14,83.0,
s619,Movie,Golden Code,Rajiv Menon,"Liam Lee, Omar Smith",India,2018-05-31,2001,TV-14,103 min,"Stand-Up Comedy, International Movies",A story about survival set in India.,2018,May,Stand-Up Comedy,India,17,103.0,
s620,TV Show,Endless Heart (Season 3),Not Given,"Omar Dubois, Tom Brown, Tom Kim",Brazil,2016-05-16,2014,NR,5 Season,"Docuseries, International Movies",A story about war set in Brazil.,2016,May,Docuseries,Brazil,2,,5.0
s621,TV Show,Silent Legacy (Season 3),Not Given,"Aiko Ahmed, Sara Brown",Canada,2021-06-15,2021,R,6 Season,"Comedies, Action & Adventure",A story about love set in Canada.,2021,June,Comedies,Canada,0,,6.0
s622,Movie,Silent City,Sofia Alvarez,"Maria Silva, Fatima Brown, Elena Kowalski, Yusuf Ahmed, Sara Silva",Nigeria,2020-02-03,2009,TV-PG,178 min,"Action & Adventure, Sci-Fi & Fantasy, Documentaries",A story about ambition set in Nigeria.,2020,February,Action & Adventure,Nigeria,11,178.0,
s623,TV Show,Broken Heart,Not Given,"Omar Kim, Fatima Garcia, Liam Kim",United Kingdom,2021-03-20,2021,G,6 Season,"Action & Adventure, Sports Movies",A story about betrayal set in United Kingdom.,2021,March,Action & Adventure,United Kingdom,0,,6.0
s626,Movie,Rising Horizon,Priya Sharma,"Maria Patel, John Patel, Fatima Garcia, Fatima Garcia, John Lee",United States,2019-06-30,2018,R,78 min,"Action & Adventure, International Movies, Docuseries",A story about identity set in United States.,2019,June,Action & Adventure,United States,1,78.0,
s627,Movie,A Legacy,Kenji Watanabe,"Fatima Chen, Omar Khan, Aiko Patel, Liam Novak, Elena Muller",Mexico,2016-01-22,2000,TV-PG,134 min,"Docuseries, Sports Movies, International Movies",A story about ambition set in Mexico.,2016,January,Docuseries,Mexico,16,134.0,
s628,Movie,A Kingdom,Marcus Lee,"Tom Rossi, Wei Smith, Raj Rossi, Carlos Silva",United States,2017-12-16,2005,TV-14,91 min,"Dramas, Horror Movies, Thrillers",A story about friendship set in United States.,2017,December,Dramas,United States,12,91.0,
s629,Movie,Silent Legacy,Priya Sharma,"John Brown, John Dubois",Brazil,2017-07-24,2009,NR,134 min,International Movies,A story about betrayal set in Brazil.,2017,July,International Movies,Brazil,8,134.0,
s630,Movie,Golden Heart,Priya Sharma,"Yusuf Muller, Raj Rossi, Liam Silva, Nina Smith",Egypt,2018-05-18,2011,PG,136 min,"Docuseries, Comedies, International Movies",A story about love set in Egypt.,2018,May,Docuseries,Egypt,7,136.0,
s631,Movie,Broken Legacy,Marcus Lee,"Nina Smith, Fatima Dubois, Grace Novak, Carlos Silva",Canada,2017-03-04,2002,TV-Y,151 min,Crime TV Shows,A story about friendship set in Canada.,2017,March,Crime TV Shows,Canada,15,151.0,
s633,Movie,The Heart,Marcus Lee,"Raj Chen, Yusuf Muller, Elena Ahmed, Raj Chen, Liam Rossi",France,2018-04-22,2002,TV-MA,128 min,Kids TV,A story about family set in France.,2018,April,Kids TV,France,16,128.0,
s635,Movie,Secret City,Not Given,"Liam Khan, John Rossi",Italy,2017-10-15,2011,TV-Y,124 min,"Action & Adventure, Sci-Fi & Fantasy",A story about family set in Italy.,2017,October,Action & Adventure,Italy,6,124.0,
s636,TV Show,Endless Dream (Season 4),Not Given,"Omar Dubois, Wei Patel, Omar Khan, Liam Chen",South Korea,2018-02-13,2017,PG-13,3 Season,"Sci-Fi & Fantasy, Crime TV Shows, Documentaries",A story about identity set in South Korea.,2018,February,Sci-Fi & Fantasy,South Korea,1,,3.0
s637,TV Show,Broken Shadow (Season 4),Not Given,"Yusuf Lee, Raj Novak, Aiko Rossi, Aiko Kim",Spain,2019-08-08,2013,TV-Y7,1 Seasons,Reality TV,A story about betrayal set in Spain.,2019,August,Reality TV,Spain,6,,1.0
s638,TV Show,Endless Dream,Not Given,"Wei Dubois, Yusuf Lee, Elena Lee, Liam Smith",Nigeria,2016-05-30,2012,TV-Y,6 Season,"Sci-Fi & Fantasy, Reality TV, Dramas",A story about betrayal set in Nigeria.,2016,May,Sci-Fi & Fantasy,Nigeria,4,,6.0
s639,Movie,A Storm,Not Given,"Sara Muller, Elena Rossi",Mexico,2015-09-07,2010,TV-14,164 min,"Comedies, Sports Movies, Action & Adventure",A story about survival set in Mexico.,2015,September,Comedies,Mexico,5,164.0,
s640,Movie,Silent Kingdom,Sofia Alvarez,"Liam Patel, Liam Novak, Tom Smith",Nigeria,2017-04-02,2015,TV-14,78 min,International Movies,A story about betrayal set in Nigeria.,2017,April,International Movies,Nigeria,2,78.0,
s641,Movie,Secret Legacy,Alicia Wren,"John Brown, Yusuf Rossi, Carlos Smith, Tom Garcia, Liam Kim",Spain,2017-08-20,2005,NR,103 min,"Sci-Fi & Fantasy, Reality TV, Anime",A story about betrayal set in Spain.,2017,August,Sci-Fi & Fantasy,Spain,12,103.0,
s642,Movie,The Kingdom,Marcus Lee,"Wei Ahmed, Grace Novak, Yusuf Khan",Spain,2018-04-02,2015,PG-13,155 min,Docuseries,A story about war set in Spain.,2018,April,Docuseries,Spain,3,155.0,
s643,Movie,Broken City,Alicia Wren,"Carlos Brown, Carlos Chen, John Muller, Nina Garcia, Elena Kim",United States,2019-09-13,2018,TV-MA,152 min,"Sci-Fi & Fantasy, Dramas, Thrillers",A story about survival set in United States.,2019,September,Sci-Fi & Fantasy,United States,1,152.0,
s644,Movie,Silent Dream,Rajiv Menon,"Aiko Ahmed, Sara Brown, Yusuf Khan",Japan,2020-05-18,2016,NR,78 min,International Movies,A story about war set in Japan.,2020,May,International Movies,Japan,4,78.0,
s646,Movie,Golden Horizon,Not Given,"Elena Dubois, Sara Kim, Maria Smith, John Brown",Mexico,2017-08-07,2005,TV-14,155 min,Docuseries,A story about friendship set in Mexico.,2017,August,Docuseries,Mexico,12,155.0,
s648,Movie,The Kingdom,Emily Carter,"Grace Rossi, Carlos Chen",Brazil,2021-02-13,2018,R,95 min,"Docuseries, Romantic Movies",A story about family set in Brazil.,2021,February,Docuseries,Brazil,3,95.0,
s649,Movie,Last City,Hugo Fischer,"Maria Dubois, John Patel, Raj Garcia",Canada,2016-07-29,2001,TV-MA,116 min,"Documentaries, Thrillers",A story about survival set in Canada.,2016,July,Documentaries,Canada,15,116.0,
s650,TV Show,Rising Heart (Season 2),Not Given,"Yusuf Silva, Aiko Dubois, Tom Ahmed, Sara Chen, Omar Garcia",Spain,2019-03-21,2013,TV-14,5 Season,"Horror Movies, Comedies, Sci-Fi & Fantasy",A story about friendship set in Spain.,2019,March,Horror Movies,Spain,6,,5.0
